ID,ground water,surface water,Lake,C0,coal,wood,Dmin,Dmax,micro,meso,SSA,pore size,Fe,M,pH,temperature,time,rate,Ca,TOC,Re
1,0,0,0,100000,1,0,0.45,0.9,0.16,0.36,995,2.36,0,500,4,25,24,200,0,0,58.9
2,0,0,0,100000,1,0,0.45,0.9,0.16,0.31,797,2.27,1,500,4,25,24,200,0,0,79.1
3,0,0,0,300000,1,0,0.45,0.9,0.16,0.36,995,2.36,0,500,4,25,6,200,0,0,33.1256
4,0,0,0,300000,1,0,0.45,0.9,0.16,0.36,995,2.36,0,500,4,25,18,200,0,0,43.47735
5,0,0,0,300000,1,0,0.45,0.9,0.16,0.36,995,2.36,0,500,4,25,29,200,0,0,46.23781667
6,0,0,0,300000,1,0,0.45,0.9,0.16,0.36,995,2.36,0,500,4,25,54,200,0,0,49.6884
7,0,0,0,300000,1,0,0.45,0.9,0.16,0.36,995,2.36,0,500,4,25,75,200,0,0,48.30816667
8,0,0,0,300000,1,0,0.45,0.9,0.16,0.36,995,2.36,0,500,4,25,100,200,0,0,51.06863333
9,0,0,0,300000,1,0,0.45,0.9,0.16,0.36,995,2.36,0,500,4,25,150,200,0,0,53.8291
10,0,0,0,300000,1,0,0.45,0.9,0.16,0.36,995,2.36,0,500,4,25,190,200,0,0,51.75875
11,0,0,0,300000,1,0,0.45,0.9,0.16,0.36,995,2.36,0,500,4,25,235,200,0,0,51.75875
12,0,0,0,300000,1,0,0.45,0.9,0.16,0.36,995,2.36,0,500,4,25,285,200,0,0,52.44886667
13,0,0,0,300000,1,0,0.45,0.9,0.16,0.36,995,2.36,0,500,4,25,340,200,0,0,52.44886667
14,0,0,0,300000,1,0,0.45,0.9,0.16,0.36,995,2.36,0,500,4,25,384,200,0,0,53.13898333
15,0,0,0,300000,1,0,0.45,0.9,0.16,0.31,797,2.27,1,500,4,25,6,200,0,0,40.71688333
16,0,0,0,300000,1,0,0.45,0.9,0.16,0.31,797,2.27,1,500,4,25,18,200,0,0,54.51921667
17,0,0,0,300000,1,0,0.45,0.9,0.16,0.31,797,2.27,1,500,4,25,29,200,0,0,57.9698
18,0,0,0,300000,1,0,0.45,0.9,0.16,0.31,797,2.27,1,500,4,25,54,200,0,0,59.35003333
19,0,0,0,300000,1,0,0.45,0.9,0.16,0.31,797,2.27,1,500,4,25,75,200,0,0,60.73026667
20,0,0,0,300000,1,0,0.45,0.9,0.16,0.31,797,2.27,1,500,4,25,100,200,0,0,60.73026667
21,0,0,0,300000,1,0,0.45,0.9,0.16,0.31,797,2.27,1,500,4,25,150,200,0,0,60.73026667
22,0,0,0,300000,1,0,0.45,0.9,0.16,0.31,797,2.27,1,500,4,25,190,200,0,0,59.35003333
23,0,0,0,300000,1,0,0.45,0.9,0.16,0.31,797,2.27,1,500,4,25,235,200,0,0,58.65991667
24,0,0,0,300000,1,0,0.45,0.9,0.16,0.31,797,2.27,1,500,4,25,285,200,0,0,60.04015
25,0,0,0,200000,1,0,0.45,0.9,0.16,0.36,995,2.36,0,500,4,25,150,200,0,0,74.5326
26,0,0,0,250000,1,0,0.45,0.9,0.16,0.36,995,2.36,0,500,4,25,150,200,0,0,67.07934
27,0,0,0,300000,1,0,0.45,0.9,0.16,0.36,995,2.36,0,500,4,25,150,200,0,0,62.80061667
28,0,0,0,350000,1,0,0.45,0.9,0.16,0.36,995,2.36,0,500,4,25,150,200,0,0,62.70202857
29,0,0,0,400000,1,0,0.45,0.9,0.16,0.36,995,2.36,0,500,4,25,150,200,0,0,57.9698
30,0,0,0,450000,1,0,0.45,0.9,0.16,0.36,995,2.36,0,500,4,25,150,200,0,0,53.36902222
31,0,0,0,200000,1,0,0.45,0.9,0.16,0.31,797,2.27,1,500,4,25,150,200,0,0,64.18085
32,0,0,0,250000,1,0,0.45,0.9,0.16,0.31,797,2.27,1,500,4,25,150,200,0,0,58.79794
33,0,0,0,300000,1,0,0.45,0.9,0.16,0.31,797,2.27,1,500,4,25,150,200,0,0,51.75875
34,0,0,0,350000,1,0,0.45,0.9,0.16,0.31,797,2.27,1,500,4,25,150,200,0,0,52.05451429
35,0,0,0,400000,1,0,0.45,0.9,0.16,0.31,797,2.27,1,500,4,25,150,200,0,0,43.9949375
36,0,0,0,450000,1,0,0.45,0.9,0.16,0.31,797,2.27,1,500,4,25,150,200,0,0,43.24731111
37,0,0,0,300000,1,0,0.45,0.9,0.16,0.36,995,2.36,0,500,3,25,150,200,0,0,69.01166667
38,0,0,0,300000,1,0,0.45,0.9,0.16,0.36,995,2.36,0,500,4,25,150,200,0,0,39.33665
39,0,0,0,300000,1,0,0.45,0.9,0.16,0.36,995,2.36,0,500,5,25,150,200,0,0,24.15408333
40,0,0,0,300000,1,0,0.45,0.9,0.16,0.36,995,2.36,0,500,6.5,25,150,200,0,0,24.15408333
41,0,0,0,300000,1,0,0.45,0.9,0.16,0.36,995,2.36,0,500,7.7,25,150,200,0,0,22.77385
42,0,0,0,300000,1,0,0.45,0.9,0.16,0.36,995,2.36,0,500,9.6,25,150,200,0,0,22.77385
43,0,0,0,300000,1,0,0.45,0.9,0.16,0.36,995,2.36,0,500,3,25,150,200,10,0,66.2512
44,0,0,0,300000,1,0,0.45,0.9,0.16,0.36,995,2.36,0,500,4,25,150,200,10,0,56.58956667
45,0,0,0,300000,1,0,0.45,0.9,0.16,0.36,995,2.36,0,500,5,25,150,200,10,0,48.99828333
46,0,0,0,300000,1,0,0.45,0.9,0.16,0.36,995,2.36,0,500,6.5,25,150,200,10,0,48.30816667
47,0,0,0,300000,1,0,0.45,0.9,0.16,0.36,995,2.36,0,500,7.7,25,150,200,10,0,47.61805
48,0,0,0,300000,1,0,0.45,0.9,0.16,0.36,995,2.36,0,500,9.6,25,150,200,10,0,46.92793333
49,0,0,0,300000,1,0,0.45,0.9,0.16,0.31,797,2.27,1,500,3,25,150,200,0,0,67.63143333
50,0,0,0,300000,1,0,0.45,0.9,0.16,0.31,797,2.27,1,500,4,25,150,200,0,0,44.16746667
51,0,0,0,300000,1,0,0.45,0.9,0.16,0.31,797,2.27,1,500,5,25,150,200,0,0,29.67501667
52,0,0,0,300000,1,0,0.45,0.9,0.16,0.31,797,2.27,1,500,6.5,25,150,200,0,0,28.29478333
53,0,0,0,300000,1,0,0.45,0.9,0.16,0.31,797,2.27,1,500,7.7,25,150,200,0,0,27.60466667
54,0,0,0,300000,1,0,0.45,0.9,0.16,0.31,797,2.27,1,500,9.6,25,150,200,0,0,28.29478333
55,0,0,0,300000,1,0,0.45,0.9,0.16,0.31,797,2.27,1,500,3,25,150,200,10,0,65.56108333
56,0,0,0,300000,1,0,0.45,0.9,0.16,0.31,797,2.27,1,500,4,25,150,200,10,0,60.04015
57,0,0,0,300000,1,0,0.45,0.9,0.16,0.31,797,2.27,1,500,5,25,150,200,10,0,54.51921667
58,0,0,0,300000,1,0,0.45,0.9,0.16,0.31,797,2.27,1,500,6.5,25,150,200,10,0,53.8291
59,0,0,0,300000,1,0,0.45,0.9,0.16,0.31,797,2.27,1,500,7.7,25,150,200,10,0,53.13898333
60,0,0,0,300000,1,0,0.45,0.9,0.16,0.31,797,2.27,1,500,9.6,25,150,200,10,0,53.13898333
61,0,0,0,81000,0,1,0.45,0.9,0.211662665,0.67,2450,2.359827518,0,100,5,25,1,175,0,0,14.31353086
62,0,0,0,81000,0,1,0.45,0.9,0.211662665,0.67,2450,2.359827518,0,100,5,25,2,175,0,0,17.38071605
63,0,0,0,81000,0,1,0.45,0.9,0.211662665,0.67,2450,2.359827518,0,100,5,25,4,175,0,0,20.95909877
64,0,0,0,81000,0,1,0.45,0.9,0.211662665,0.67,2450,2.359827518,0,100,5,25,6,175,0,0,24.53748148
65,0,0,0,81000,0,1,0.45,0.9,0.211662665,0.67,2450,2.359827518,0,100,5,25,8,175,0,0,27.60466667
66,0,0,0,81000,0,1,0.45,0.9,0.211662665,0.67,2450,2.359827518,0,100,5,25,12,175,0,0,29.64945679
67,0,0,0,81000,0,1,0.45,0.9,0.211662665,0.67,2450,2.359827518,0,100,5,25,25,175,0,0,31.69424691
68,0,0,0,81000,0,1,0.45,0.9,0.211662665,0.67,2450,2.359827518,0,100,5,25,33,175,0,0,32.71664198
69,0,0,0,81000,0,1,0.45,0.9,0.211662665,0.67,2450,2.359827518,0,100,5,25,48,175,0,0,33.73903704
70,0,0,0,81000,0,1,0.45,0.9,0.211662665,0.67,2450,2.359827518,0,100,3,25,48,175,0,0,83.32519753
71,0,0,0,81000,0,1,0.45,0.9,0.211662665,0.67,2450,2.359827518,0,100,4,25,48,175,0,0,69.5228642
72,0,0,0,81000,0,1,0.45,0.9,0.211662665,0.67,2450,2.359827518,0,100,5,25,48,175,0,0,49.07496296
73,0,0,0,81000,0,1,0.45,0.9,0.211662665,0.67,2450,2.359827518,0,100,6,25,48,175,0,0,40.89580247
74,0,0,0,81000,0,1,0.45,0.9,0.211662665,0.67,2450,2.359827518,0,100,7,25,48,175,0,0,38.85101235
75,0,0,0,81000,0,1,0.45,0.9,0.211662665,0.67,2450,2.359827518,0,100,8,25,48,175,0,0,37.31741975
76,0,0,0,81000,0,1,0.45,0.9,0.211662665,0.67,2450,2.359827518,0,100,9,25,48,175,0,0,36.29502469
77,0,0,0,81000,0,1,0.45,0.9,0.211662665,0.67,2450,2.359827518,0,100,10,25,48,175,0,0,34.7614321
78,0,0,0,20000,0,1,0.45,0.9,0.211662665,0.67,2450,2.359827518,0,100,5,25,48,175,0,0,84.88435
79,0,0,0,50000,0,1,0.45,0.9,0.211662665,0.67,2450,2.359827518,0,100,5,25,48,175,0,0,62.93864
80,0,0,0,100000,0,1,0.45,0.9,0.211662665,0.67,2450,2.359827518,0,100,5,25,48,175,0,0,36.02409
81,0,0,0,150000,0,1,0.45,0.9,0.211662665,0.67,2450,2.359827518,0,100,5,25,48,175,0,0,26.77652667
82,0,0,0,200000,0,1,0.45,0.9,0.211662665,0.67,2450,2.359827518,0,100,5,25,48,175,0,0,21.11757
83,0,0,0,250000,0,1,0.45,0.9,0.211662665,0.67,2450,2.359827518,0,100,5,25,48,175,0,0,19.04722
84,0,0,0,50000,1,0,0.9,1,0.250492424,0.213117763,712,2.499833345,0,100,3,25,1,150,0,0,10.76582
85,0,0,0,50000,1,0,0.9,1,0.250492424,0.212724,712,2.499833345,0,100,3,25,6,150,0,0,15.73466
86,0,0,0,50000,1,0,0.9,1,0.250492424,0.212724,712,2.499833345,0,100,3,25,12,150,0,0,18.21908
87,0,0,0,50000,1,0,0.9,1,0.250492424,0.211151749,712,2.499833345,0,100,3,25,24,150,0,0,21.53164
88,0,0,0,50000,1,0,0.9,1,0.250492424,0.211151749,712,2.499833345,0,100,3,25,48,150,0,0,25.67234
89,0,0,0,50000,1,0,0.9,1,0.250492424,0.211151749,712,2.499833345,0,100,3,25,72,150,0,0,29.81304
90,0,0,0,50000,1,0,0.9,1,0.250492424,0.211151749,712,2.499833345,0,100,3,25,96,150,0,0,29.81304
91,0,0,0,50000,1,0,0.9,1,0.250492424,0.211151749,712,2.499833345,0,100,3,25,120,150,0,0,30.64118
92,0,0,0,50000,1,0,0.9,1,0.250492424,0.211151749,712,2.499833345,0,100,3,25,144,150,0,0,30.64118
93,0,0,0,50000,1,0,0.9,1,0.250492424,0.211151749,712,2.499833345,0,100,3,25,168,150,0,0,30.64118
94,0,0,0,50000,1,0,0.9,1,0.250492424,0.211151749,712,2.499833345,0,100,3,25,192,150,0,0,30.64118
95,0,0,0,50000,1,0,0.9,1,0.250492424,0.144321844,712,2.499833345,0,100,7,25,1,150,0,0,0.82814
96,0,0,0,50000,1,0,0.9,1,0.250492424,0.178447053,712,2.499833345,0,100,7,25,6,150,0,0,3.31256
97,0,0,0,50000,1,0,0.9,1,0.250492424,0.178447053,712,2.499833345,0,100,7,25,12,150,0,0,6.62512
98,0,0,0,50000,1,0,0.9,1,0.250492424,0.179733753,712,2.499833345,0,100,7,25,24,150,0,0,7.45326
99,0,0,0,50000,1,0,0.9,1,0.250492424,0.178454444,712,2.499833345,0,100,7,25,48,150,0,0,11.59396
100,0,0,0,50000,1,0,0.9,1,0.250492424,0.178060681,712,2.499833345,0,100,7,25,72,150,0,0,14.90652
101,0,0,0,50000,1,0,0.9,1,0.250492424,0.178060681,712,2.499833345,0,100,7,25,96,150,0,0,16.5628
102,0,0,0,50000,1,0,0.9,1,0.250492424,0.178060681,712,2.499833345,0,100,7,25,120,150,0,0,18.21908
103,0,0,0,50000,1,0,0.9,1,0.250492424,0.178060681,712,2.499833345,0,100,7,25,144,150,0,0,19.04722
104,0,0,0,50000,1,0,0.9,1,0.250492424,0.178060681,712,2.499833345,0,100,7,25,168,150,0,0,19.87536
105,0,0,0,50000,1,0,0.9,1,0.250492424,0.178060681,712,2.499833345,0,100,7,25,192,150,0,0,19.87536
106,0,0,0,20000,1,0,0.9,1,0.250492424,0.180717304,712,2.499833345,0,100,5,25,168,150,0,0,37.2663
107,0,0,0,50000,1,0,0.9,1,0.250492424,0.178113326,712,2.499833345,0,100,5,25,168,150,0,0,19.87536
108,0,0,0,100000,1,0,0.9,1,0.250492424,0.17850709,712,2.499833345,0,100,5,25,168,150,0,0,11.17989
109,0,0,0,150000,1,0,0.9,1,0.250492424,0.179786399,712,2.499833345,0,100,5,25,168,150,0,0,8.833493333
110,0,0,0,200000,1,0,0.9,1,0.250492424,0.179786399,712,2.499833345,0,100,5,25,168,150,0,0,7.246225
111,0,0,0,250000,1,0,0.9,1,0.250492424,0.179786399,712,2.499833345,0,100,5,25,168,150,0,0,5.79698
112,0,0,0,828.14,1,0,0.25,0.425,0.314636469,0.237870261,1119.189453,1.5,0,4,6.6,25,0,120,0,0,0
113,0,0,0,828.14,1,0,0.25,0.425,0.314636469,0.258119345,1119.189453,1.5,0,4,6.6,25,24,120,0,0,28
114,0,0,0,828.14,1,0,0.25,0.425,0.314636469,0.258119345,1119.189453,1.5,0,4,6.6,25,72,120,0,0,42
115,0,0,0,828.14,1,0,0.25,0.425,0.314636469,0.258072525,1119.189453,1.5,0,4,6.6,25,168,120,0,0,50
116,0,0,0,828.14,1,0,0.25,0.425,0.314636469,0.258072525,1119.189453,1.5,0,4,6.6,25,336,120,0,0,66
117,0,0,0,828.14,1,0,0.25,0.425,0.314636469,0.258072525,1119.189453,1.5,0,4,6.6,25,336,120,0,0,52
118,0,0,0,828.14,1,0,0.25,0.425,0.314636469,0.258119345,1119.189453,1.5,0,4,6.6,25,336,120,0,0,48
119,0,0,0,828.14,1,0,0.25,0.425,0.314636469,0.258119345,1119.189453,1.5,0,4,6.6,25,336,120,0,0,44
120,0,0,0,828.14,1,0,0.25,0.425,0.314636469,0.258072525,1119.189453,1.5,0,4,6.6,25,336,120,50,0,56
121,0,0,0,828.14,1,0,0.25,0.425,0.314636469,0.258119345,1119.189453,1.5,0,4,6.6,25,336,120,0,0,46
122,0,0,0,1000,0,0,0.4,0.6,0.314636469,0.311000854,1067.68103,1.499926925,0,10,5.8,25,1,120,0,0,22.46278
123,0,0,0,1000,0,0,0.4,0.6,0.314636469,0.311000854,1067.68103,1.499926925,0,10,5.8,25,3,120,0,0,23.74579
124,0,0,0,1000,0,0,0.4,0.6,0.314636469,0.311000854,1067.68103,1.499926925,0,10,5.8,25,6,120,0,0,24.12969
125,0,0,0,1000,0,0,0.4,0.6,0.314636469,0.311000854,1067.68103,1.499926925,0,10,5.8,25,12,120,0,0,24.84696
126,0,0,0,1000,0,0,0.4,0.6,0.314636469,0.311000854,1067.68103,1.499926925,0,10,5.8,25,24,120,0,0,25.4127
127,0,0,0,1000,0,0,0.4,0.6,0.314636469,0.311000854,1067.68103,1.499926925,0,10,5.8,25,48,120,0,0,26.69572
128,0,0,0,1000,0,0,0.4,0.6,0.314636469,0.311000854,1067.68103,1.499926925,0,10,5.8,25,72,120,0,0,27.79689
129,0,0,0,1000,0,0,0.4,0.6,0.314636469,0.311000854,1067.68103,1.499926925,0,10,5.8,25,96,120,0,0,28.97
130,0,0,0,1000,0,0,0.4,0.6,0.314636469,0.311000854,1067.68103,1.499926925,0,10,5.8,25,120,120,0,0,30.55
131,0,0,1,2.5,1,0,0.55,0.75,0.318617821,0.203826249,1050,1.499926925,0,10000,7.5,25,0.25,250,0,0,51.5
132,0,0,1,2.5,1,0,0.55,0.75,0.318617821,0.203826249,1050,1.499926925,0,10000,7.5,25,0.25,250,0,2,63.57
133,0,0,1,2.5,1,0,0.55,0.75,0.318617821,0.203826249,1050,1.499926925,0,10000,7.5,25,0.25,250,0,4,67.2
134,0,0,1,2.5,1,0,0.55,0.75,0.318617821,0.203826249,1050,1.499926925,0,10000,7.5,25,0.25,250,0,8,65.41
135,0,0,1,2.5,1,0,0.55,0.75,0.318617821,0.203826249,1050,1.499926925,0,10000,7.5,25,0.25,250,0,0,51.34
136,0,0,1,2.5,1,0,0.55,0.75,0.318617821,0.203826249,1050,1.499926925,0,10000,7.5,25,0.25,250,0,2,63.41
137,0,0,1,2.5,1,0,0.55,0.75,0.318617821,0.203826249,1050,1.499926925,0,10000,7.5,25,0.25,250,0,4,81.1
138,0,0,1,2.5,1,0,0.55,0.75,0.318617821,0.203826249,1050,1.499926925,0,10000,7.5,25,0.25,250,0,8,87.06
139,0,0,0,120000,0,1,0.6,0.85,0.314636469,0.639057338,2450,1.52012217,0,200,4,25,48,170,0.7,63.2,67.36
140,0,0,0,120000,1,0,0.6,0.85,0.314636469,0.270592153,1000,1.52012217,0,200,4,25,48,170,0.7,63.2,30.58
141,0,0,0,120000,0,1,0.6,0.85,0.314636469,0.638633549,2450,1.52012217,0,200,4,25,0.25,170,0.7,63.2,20.2604451
142,0,0,0,120000,0,1,0.6,0.85,0.314636469,0.638633549,2450,1.52012217,0,200,4,25,0.5,170,0.7,63.2,28.02701807
143,0,0,0,120000,0,1,0.6,0.85,0.314636469,0.638633549,2450,1.52012217,0,200,4,25,3.5,170,0.7,63.2,45.58289595
144,0,0,0,120000,0,1,0.6,0.85,0.314636469,0.639057338,2450,1.52012217,0,200,4,25,12.5,170,0.7,63.2,55.74003305
145,0,0,0,120000,0,1,0.6,0.85,0.314636469,0.639057338,2450,1.52012217,0,200,4,25,22.5,170,0.7,63.2,61.5763497
146,0,0,0,120000,0,1,0.6,0.85,0.314636469,0.639057338,2450,1.52012217,0,200,4,25,33.5,170,0.7,63.2,66.58590658
147,0,0,0,120000,0,1,0.6,0.85,0.314636469,0.639057338,2450,1.52012217,0,200,4,25,46,170,0.7,63.2,66.58590658
148,0,0,0,120000,0,1,0.6,0.85,0.314636469,0.639057338,2450,1.52012217,0,200,4,25,57.5,170,0.7,63.2,67.45890417
149,0,0,0,120000,0,1,0.6,0.85,0.314636469,0.639057338,2450,1.52012217,0,200,4,25,69.5,170,0.7,63.2,67.09107198
150,0,0,0,120000,0,1,0.6,0.85,0.314636469,0.639057338,2450,1.52012217,0,200,4,25,81.5,170,0.7,63.2,67.78049853
151,0,0,0,120000,0,1,0.6,0.85,0.314636469,0.639104128,2450,1.52012217,0,100,4,25,48,170,0.7,63.2,33.2
152,0,0,0,120000,0,1,0.6,0.85,0.314636469,0.639057338,2450,1.52012217,0,200,4,25,48,170,0.7,63.2,67.9
153,0,0,0,120000,0,1,0.6,0.85,0.314636469,0.639057338,2450,1.52012217,0,300,4,25,48,170,0.7,63.2,89.12
154,0,0,0,120000,0,1,0.6,0.85,0.318617821,0.638172567,2450,1.52012217,0,500,4,25,48,170,0.7,63.2,96.6
155,0,0,0,120000,0,1,0.6,0.85,0.318617821,0.638172567,2450,1.52012217,0,700,4,25,48,170,0.7,63.2,98.50000003
156,0,0,0,120000,0,1,0.6,0.85,0.318617821,0.637876511,2450,1.52012217,0,1100,4,25,48,170,0.7,63.2,100
157,0,0,0,120000,0,1,0.6,0.85,0.318617821,0.637876511,2450,1.52012217,0,1500,4,25,48,170,0.7,63.2,100
158,0,0,0,120000,0,1,0.6,0.85,0.318617821,0.637876511,2450,1.52012217,0,1900,4,25,48,170,0.7,63.2,100
159,0,0,0,120000,0,1,0.6,0.85,0.314636469,0.63713187,2450,1.52012217,0,200,2,25,48,170,0.7,63.2,84.59217
160,0,0,0,120000,0,1,0.6,0.85,0.314636469,0.63713187,2450,1.52012217,0,200,3,25,48,170,0.7,63.2,76.53413
161,0,0,0,120000,0,1,0.6,0.85,0.314636469,0.639057338,2450,1.52012217,0,200,4,25,48,170,0.7,63.2,70.13185
162,0,0,0,120000,0,1,0.6,0.85,0.314636469,0.638755262,2450,1.52012217,0,200,5,25,48,170,0.7,63.2,67.86897
163,0,0,0,120000,0,1,0.6,0.85,0.314636469,0.638755262,2450,1.52012217,0,200,6,25,48,170,0.7,63.2,67.42744
164,0,0,0,120000,0,1,0.6,0.85,0.314636469,0.638702631,2450,1.52012217,0,200,7,25,48,170,0.7,63.2,67.42744
165,0,0,0,120000,0,1,0.6,0.85,0.314636469,0.638702631,2450,1.52012217,0,200,8,25,48,170,0.7,63.2,67.20667
166,0,0,0,120000,0,1,0.6,0.85,0.314636469,0.638702631,2450,1.52012217,0,200,9,25,48,170,0.7,63.2,66.82032
167,0,0,0,120000,0,1,0.6,0.85,0.314636469,0.639057338,2450,1.52012217,0,200,4,25,48,170,0.7,0,86.44207
168,0,0,0,120000,0,1,0.6,0.85,0.314636469,0.639057338,2450,1.52012217,0,200,4,25,48,170,0,0,57.5121
169,0,0,0,120000,0,1,0.6,0.85,0.314636469,0.639057338,2450,1.52012217,0,200,4,25,48,170,0,0,57.5121
170,0,0,0,120000,0,1,0.6,0.85,0.314636469,0.639057338,2450,1.52012217,0,200,4,25,48,170,0,0,55.34966
171,0,0,0,120000,0,1,0.6,0.85,0.314636469,0.63858676,2450,1.52012217,0,200,4,25,48,170,0,0,48.97922
172,0,0,0,120000,0,1,0.6,0.85,0.314636469,0.63858676,2450,1.52012217,0,200,4,25,48,170,0,0,48.80389
173,0,0,0,120000,0,1,0.6,0.85,0.314636469,0.639057338,2450,1.52012217,0,200,4,25,48,170,0.7,0,88.42918
174,0,0,0,120000,0,1,0.6,0.85,0.314636469,0.639057338,2450,1.52012217,0,200,4,25,48,170,0.7,63.2,67.62298
175,0,0,0,120000,0,1,0.6,0.85,0.314636469,0.639057338,2450,1.52012217,0,200,4,25,48,170,0,0,83.86015
176,0,0,0,120000,0,1,0.6,0.85,0.314636469,0.639057338,2450,1.52012217,0,200,4,25,48,170,0.7,63.2,67.59331
177,0,0,0,10000,1,0,0.85,0.83086139,0.222474471,0.22,593,1.39,0,25,4.5,20,24,120,0,0,4.574
178,0,0,0,10000,1,0,0.85,0.83086139,0.222474471,0.22,593,1.39,0,25,4.5,20,48,120,0,0,3.131
179,0,0,0,10000,1,0,0.85,0.83086139,0.222474471,0.22,593,1.39,0,25,4.5,20,72,120,0,0,8.275
180,0,0,0,10000,1,0,0.85,0.83086139,0.222474471,0.22,593,1.39,0,25,4.5,20,120,120,0,0,10.408
181,0,0,0,10000,1,0,0.85,0.83086139,0.222474471,0.22,593,1.39,0,25,4.5,20,168,120,0,0,8.777
182,0,0,0,10000,1,0,0.85,0.83086139,0.222474471,0.22,593,1.39,0,25,4.5,20,240,120,0,0,9.467
183,0,0,0,10000,1,0,0.85,0.83086139,0.222474471,0.22,593,1.39,0,50,4.5,20,24,120,0,0,13.92
184,0,0,0,10000,1,0,0.85,0.83086139,0.222474471,0.22,593,1.39,0,50,4.5,20,48,120,0,0,16.743
185,0,0,0,10000,1,0,0.85,0.83086139,0.222474471,0.22,593,1.39,0,50,4.5,20,72,120,0,0,12.038
186,0,0,0,10000,1,0,0.85,0.83086139,0.222474471,0.22,593,1.39,0,50,4.5,20,120,120,0,0,22.89
187,0,0,0,10000,1,0,0.85,0.83086139,0.222474471,0.22,593,1.39,0,50,4.5,20,168,120,0,0,15.802
188,0,0,0,10000,1,0,0.85,0.83086139,0.222474471,0.22,593,1.39,0,50,4.5,20,240,120,0,0,13.92
189,0,0,0,10000,1,0,0.85,0.83086139,0.222474471,0.22,593,1.39,0,100,4.5,20,24,120,0,0,16.555
190,0,0,0,10000,1,0,0.85,0.83086139,0.222474471,0.22,593,1.39,0,100,4.5,20,48,120,0,0,22.388
191,0,0,0,10000,1,0,0.85,0.83086139,0.222474471,0.22,593,1.39,0,100,4.5,20,72,120,0,0,20.068
192,0,0,0,10000,1,0,0.85,0.83086139,0.222474471,0.22,593,1.39,0,100,4.5,20,120,120,0,0,35.561
193,0,0,0,10000,1,0,0.85,0.83086139,0.222474471,0.22,593,1.39,0,100,4.5,20,168,120,0,0,35.122
194,0,0,0,10000,1,0,0.85,0.83086139,0.222474471,0.22,593,1.39,0,100,4.5,20,240,120,0,0,42.837
195,0,0,0,10000,1,0,0.85,0.83086139,0.222474471,0.22,593,1.39,0,200,4.5,20,24,120,0,0,32.488
196,0,0,0,10000,1,0,0.85,0.83086139,0.222474471,0.22,593,1.39,0,200,4.5,20,48,120,0,0,40.517
197,0,0,0,10000,1,0,0.85,0.83086139,0.222474471,0.22,593,1.39,0,200,4.5,20,72,120,0,0,59.084
198,0,0,0,10000,1,0,0.85,0.83086139,0.222474471,0.22,593,1.39,0,200,4.5,20,120,120,0,0,62.095
199,0,0,0,10000,1,0,0.85,0.83086139,0.222474471,0.22,593,1.39,0,200,4.5,20,168,120,0,0,73.197
200,0,0,0,10000,1,0,0.85,0.83086139,0.222474471,0.22,593,1.39,0,200,4.5,20,240,120,0,0,71.504
201,0,0,0,10000,1,0,0.85,0.83086139,0.222474471,0.22,593,1.39,0,300,4.5,20,24,120,0,0,54.81800001
202,0,0,0,10000,1,0,0.85,0.83086139,0.222474471,0.22,593,1.39,0,300,4.5,20,48,120,0,0,57.89199999
203,0,0,0,10000,1,0,0.85,0.83086139,0.222474471,0.22,593,1.39,0,300,4.5,20,72,120,0,0,61.15400001
204,0,0,0,10000,1,0,0.85,0.83086139,0.222474471,0.22,593,1.39,0,300,4.5,20,120,120,0,0,81.85400001
205,0,0,0,10000,1,0,0.85,0.83086139,0.222474471,0.22,593,1.39,0,300,4.5,20,168,120,0,0,88.44
206,0,0,0,10000,1,0,0.85,0.83086139,0.222474471,0.22,593,1.39,0,300,4.5,20,240,120,0,0,91.263
207,0,0,0,10000,1,0,0.85,0.83086139,0.210048765,0.22,593,1.39,0,500,4.5,20,24,120,0,0,52.497
208,0,0,0,10000,1,0,0.85,0.83086139,0.210048765,0.22,593,1.39,0,500,4.5,20,48,120,0,0,70.375
209,0,0,0,10000,1,0,0.85,0.83086139,0.210048765,0.22,593,1.39,0,500,4.5,20,72,120,0,0,88.189
210,0,0,0,10000,1,0,0.85,0.83086139,0.210048765,0.22,593,1.39,0,500,4.5,20,120,120,0,0,94.525
211,0,0,0,10000,1,0,0.85,0.83086139,0.210048765,0.22,593,1.39,0,500,4.5,20,168,120,0,0,98.539
212,0,0,0,10000,1,0,0.85,0.83086139,0.210048765,0.22,593,1.39,0,500,4.5,20,240,120,0,0,99.731
213,0,0,0,10000,1,0,0.85,0.83086139,0.210048765,0.22,593,1.39,0,750,4.5,20,24,120,0,0,72.946
214,0,0,0,10000,1,0,0.85,0.83086139,0.210048765,0.22,593,1.39,0,750,4.5,20,48,120,0,0,89.883
215,0,0,0,10000,1,0,0.85,0.83086139,0.210048765,0.22,593,1.39,0,750,4.5,20,72,120,0,0,97.84899998
216,0,0,0,10000,1,0,0.85,0.83086139,0.210048765,0.22,593,1.39,0,750,4.5,20,120,120,0,0,98.53899998
217,0,0,0,10000,1,0,0.85,0.83086139,0.210048765,0.22,593,1.39,0,750,4.5,20,168,120,0,0,99.99999998
218,0,0,0,10000,1,0,0.85,0.83086139,0.210048765,0.22,593,1.39,0,750,4.5,20,240,120,0,0,99.99999998
219,0,0,0,10000,1,0,0.85,0.83086139,0.210048765,0.22,593,1.39,0,1000,4.5,20,24,120,0,0,82.356
220,0,0,0,10000,1,0,0.85,0.83086139,0.210048765,0.22,593,1.39,0,1000,4.5,20,48,120,0,0,94.776
221,0,0,0,10000,1,0,0.85,0.83086139,0.210048765,0.22,593,1.39,0,1000,4.5,20,72,120,0,0,97.347
222,0,0,0,10000,1,0,0.85,0.83086139,0.210048765,0.22,593,1.39,0,1000,4.5,20,120,120,0,0,99.48
223,0,0,0,10000,1,0,0.85,0.83086139,0.210048765,0.22,593,1.39,0,1000,4.5,20,168,120,0,0,100
224,0,0,0,10000,1,0,0.85,0.83086139,0.210048765,0.22,593,1.39,0,1000,4.5,20,240,120,0,0,100
225,0,0,0,10000,1,0,0.85,0.83086139,0.189834207,0.106,336,1.27,1,20000,9,20,240,120,0,0,0
226,0,0,0,10000,1,0,0.85,0.83086139,0.189834207,0.106,336,1.27,1,20000,9,20,240,120,0,0,3.913
227,0,0,0,10000,1,0,0.85,0.83086139,0.189834207,0.106,336,1.27,1,20000,9,20,240,120,0,0,16.494
228,0,0,0,10000,1,0,0.85,0.83086139,0.189834207,0.106,336,1.27,1,20000,9,20,240,120,0,0,19.916
229,0,0,0,10000,1,0,0.85,0.83086139,0.189834207,0.106,336,1.27,1,20000,9,20,240,120,0,0,24.805
230,0,0,0,10000,1,0,0.85,0.83086139,0.189834207,0.106,336,1.27,1,20000,9,20,240,120,0,0,31.291
231,0,0,0,10000,1,0,0.85,0.83086139,0.189834207,0.106,336,1.27,1,20000,9,40,240,120,0,0,0
232,0,0,0,10000,1,0,0.85,0.83086139,0.189834207,0.106,336,1.27,1,20000,9,40,240,120,0,0,17.524
233,0,0,0,10000,1,0,0.85,0.83086139,0.189834207,0.106,336,1.27,1,20000,9,40,240,120,0,0,29.477
234,0,0,0,10000,1,0,0.85,0.83086139,0.189834207,0.106,336,1.27,1,20000,9,40,240,120,0,0,38.63
235,0,0,0,10000,1,0,0.85,0.83086139,0.189834207,0.106,336,1.27,1,20000,9,40,240,120,0,0,42.65
236,0,0,0,10000,1,0,0.85,0.83086139,0.189834207,0.106,336,1.27,1,20000,9,40,240,120,0,0,54.89
237,0,0,0,10000,1,0,0.85,0.83086139,0.189834207,0.106,336,1.27,1,20000,9,60,240,120,0,0,0
238,0,0,0,10000,1,0,0.85,0.83086139,0.189834207,0.106,336,1.27,1,20000,9,60,240,120,0,0,48.2
239,0,0,0,10000,1,0,0.85,0.83086139,0.189834207,0.106,336,1.27,1,20000,9,60,240,120,0,0,64.637
240,0,0,0,10000,1,0,0.85,0.83086139,0.189834207,0.106,336,1.27,1,20000,9,60,240,120,0,0,71.992
241,0,0,0,10000,1,0,0.85,0.83086139,0.189834207,0.106,336,1.27,1,20000,9,60,240,120,0,0,78.346
242,0,0,0,10000,1,0,0.85,0.83086139,0.189834207,0.106,336,1.27,1,20000,9,60,240,120,0,0,88.706
243,0,0,0,1000000,0,0,0.512340009,0.989516497,0.283,0.154,887,2.410609961,0,400,9,25,0.25,300,0,0,8.4065268
244,0,0,0,1000000,0,0,0.512340009,0.989516497,0.283,0.154,887,2.410609961,0,400,9,25,0.5,300,0,0,13.2793524
245,0,0,0,1000000,0,0,0.512340009,0.989516497,0.283,0.154,887,2.410609961,0,400,9,25,1,300,0,0,20.11443
246,0,0,0,1000000,0,0,0.512340009,0.989516497,0.283,0.154,887,2.410609961,0,400,9,25,2,300,0,0,22.7506464
247,0,0,0,1000000,0,0,0.512340009,0.989516497,0.283,0.154,887,2.410609961,0,400,9,25,3,300,0,0,24.1403264
248,0,0,0,1000000,0,0,0.512340009,0.989516497,0.283,0.154,887,2.410609961,0,400,9,25,16,300,0,0,25.4584348
249,0,0,0,1000000,0,0,0.512340009,0.989516497,0.283,0.154,887,2.410609961,0,400,9,25,30,300,0,0,23.60354
250,0,0,0,1000000,0,0,0.512340009,0.989516497,0.283,0.154,887,2.410609961,0,400,9,25,39,300,0,0,27.8441512
251,0,0,0,1000000,0,0,0.512340009,0.989516497,0.283,0.154,887,2.410609961,0,400,9,25,48,300,0,0,26.7288288
252,0,0,0,1000000,0,0,0.512340009,0.989516497,0.283,0.154,887,2.410609961,0,400,9,25,60,300,0,0,26.1264352
253,0,0,0,1000000,0,0,0.512340009,0.989516497,0.283,0.154,887,2.410609961,0,400,9,25,96,300,0,0,28.4525088
254,0,0,0,1000000,0,0,0.512340009,0.989516497,0.283,0.154,887,2.410609961,0,400,9,25,113,300,0,0,25.0290056
255,0,0,0,1000000,0,0,0.512340009,0.989516497,0.283,0.154,887,2.410609961,0,400,9,25,120,300,0,0,26.8182932
256,0,0,0,20000,0,0,0.512340009,0.989516497,0.283,0.154,887,2.410609961,0,400,9,25,48,300,0,0,9.72318
257,0,0,0,50000,0,0,0.512340009,0.989516497,0.283,0.154,887,2.410609961,0,400,9,25,48,300,0,0,52.838488
258,0,0,0,100000,0,0,0.512340009,0.989516497,0.283,0.154,887,2.410609961,0,400,9,25,48,300,0,0,67.344
259,0,0,0,250000,0,0,0.512340009,0.989516497,0.283,0.154,887,2.410609961,0,400,9,25,48,300,0,0,54.74236
260,0,0,0,350000,0,0,0.512340009,0.989516497,0.283,0.154,887,2.410609961,0,400,9,25,48,300,0,0,39.41693257
261,0,0,0,650000,0,0,0.512340009,0.989516497,0.283,0.154,887,2.410609961,0,400,9,25,48,300,0,0,23.19975385
262,0,0,0,850000,0,0,0.512340009,0.989516497,0.283,0.154,887,2.410609961,0,400,9,25,48,300,0,0,22.33145271
263,0,0,0,1000,0,0,0.1,0.3,0.314636469,0.165338159,757,1.39,0,50,7,25,0.5,150,0,0,15.6021369
264,0,0,0,1000,0,0,0.1,0.3,0.314636469,0.17764844,757,1.39,0,50,7,25,1,150,0,0,31.24195417
265,0,0,0,1000,0,0,0.1,0.3,0.314636469,0.17764844,757,1.39,0,50,7,25,2,150,0,0,40.44327278
266,0,0,0,1000,0,0,0.1,0.3,0.314636469,0.189005494,757,1.39,0,50,7,25,3,150,0,0,47.72264408
267,0,0,0,1000,0,0,0.1,0.3,0.314636469,0.188958675,757,1.39,0,50,7,25,6,150,0,0,57.3563967
268,0,0,0,1000,0,0,0.1,0.3,0.314636469,0.188958675,757,1.39,0,50,7,25,9,150,0,0,63.026133
269,0,0,0,1000,0,0,0.1,0.3,0.314636469,0.188958675,757,1.39,0,50,7,25,12,150,0,0,63.6507576
270,0,0,0,1000,0,0,0.1,0.3,0.314636469,0.188958675,757,1.39,0,50,7,25,18,150,0,0,64.37148785
271,0,0,0,1000,0,0,0.1,0.3,0.314636469,0.188958675,757,1.39,0,50,7,25,24,150,0,0,63.8429482
272,0,0,0,1000,0,0,0.1,0.3,0.314636469,0.188958675,757,1.39,0,50,7,25,36,150,0,0,67.97513905
273,0,0,0,1000,0,0,0.1,0.3,0.314636469,0.188958675,757,1.39,0,50,7,25,48,150,0,0,64.4675935
274,0,0,0,1000,0,0,0.1,0.3,0.314636469,0.188958675,757,1.39,0,50,7,25,60,150,0,0,66.17331345
275,0,0,0,1000,0,0,0.1,0.3,0.314636469,0.188958675,757,1.39,0,50,7,25,72,150,0,0,66.8940437
276,0,0,0,200,0,0,0.1,0.3,0.314636469,0.165142283,757,1.39,0,50,7,25,144,150,0,0,83.4374859
277,0,0,0,400,0,0,0.1,0.3,0.314636469,0.177601621,757,1.39,0,50,7,25,144,150,0,0,84.89226909
278,0,0,0,600,0,0,0.1,0.3,0.314636469,0.188958675,757,1.39,0,50,7,25,144,150,0,0,82.16639452
279,0,0,0,800,0,0,0.1,0.3,0.314636469,0.188958675,757,1.39,0,50,7,25,144,150,0,0,78.69641031
280,0,0,0,1000,0,0,0.1,0.3,0.314636469,0.188891694,757,1.39,0,50,7,25,144,150,0,0,75.99519875
281,0,0,0,1000,0,0,0.1,0.3,0.314636469,0.215069205,757,1.39,0,50,2,25,72,150,0,0,92.2459142
282,0,0,0,1000,0,0,0.1,0.3,0.314636469,0.215069205,757,1.39,0,50,3,25,72,150,0,0,84.9599385
283,0,0,0,1000,0,0,0.1,0.3,0.314636469,0.18894434,757,1.39,0,50,5,25,72,150,0,0,79.20786435
284,0,0,0,1000,0,0,0.1,0.3,0.314636469,0.188891694,757,1.39,0,50,7,25,72,150,0,0,71.20975035
285,0,0,0,1000,0,0,0.1,0.3,0.314636469,0.188958675,757,1.39,0,50,9,25,72,150,0,0,65.97807945
286,0,0,0,100000,0,0,0.3,0.85,0.318617821,0.277017623,1191,1.52,0,600,5.8,25,0.08,165,0,0,31.52480538
287,0,0,0,100000,0,0,0.3,0.85,0.318617821,0.277017623,1191,1.52,0,600,5.8,25,0.17,165,0,0,29.51242518
288,0,0,0,100000,0,0,0.3,0.85,0.318617821,0.277029812,1191,1.52,0,600,5.8,25,0.33,165,0,0,30.1981251
289,0,0,0,100000,0,0,0.3,0.85,0.318617821,0.277029812,1191,1.52,0,600,5.8,25,0.67,165,0,0,35.32099914
290,0,0,0,100000,0,0,0.3,0.85,0.318617821,0.277029812,1191,1.52,0,600,5.8,25,1,165,0,0,36.69239898
291,0,0,0,100000,0,0,0.3,0.85,0.318617821,0.277029812,1191,1.52,0,600,5.8,25,3,165,0,0,44.92825128
292,0,0,0,100000,0,0,0.3,0.85,0.318617821,0.276982993,1191,1.52,0,600,5.8,25,20,165,0,0,57.91928346
293,0,0,0,100000,0,0,0.3,0.85,0.318617821,0.276982993,1191,1.52,0,600,5.8,25,24,165,0,0,58.60498338
294,0,0,0,100000,0,0,0.3,0.85,0.318617821,0.276982993,1191,1.52,0,600,5.8,25,48,165,0,0,62.40366156
295,0,0,0,100000,0,0,0.3,0.85,0.318617821,0.276982993,1191,1.52,0,600,5.8,25,96,165,0,0,68.5327257
296,0,0,0,200,0,1,0.144,2.15,0.36,0.1,929.56,2.23,0,666,7,25,0,250,0,0,0
297,0,0,0,200,0,1,0.144,2.15,0.36,0.1,929.56,2.23,0,666,7,25,1,250,0,0,19.99999998
298,0,0,0,200,0,1,0.144,2.15,0.36,0.1,929.56,2.23,0,666,7,25,2,250,0,0,39.99999996
299,0,0,0,200,0,1,0.144,2.15,0.36,0.1,929.56,2.23,0,666,7,25,3,250,0,0,50.99999995
300,0,0,0,200,0,1,0.144,2.15,0.36,0.1,929.56,2.23,0,666,7,25,4,250,0,0,63.99999994
301,0,0,0,200,0,1,0.144,2.15,0.36,0.1,929.56,2.23,0,666,7,25,6,250,0,0,79.99999992
302,0,0,0,200,0,1,0.144,2.15,0.36,0.1,929.56,2.23,0,666,7,25,8,250,0,0,91.99999991
303,0,0,0,200,0,1,0.144,2.15,0.36,0.1,929.56,2.23,0,666,7,25,12,250,0,0,96.9999999
304,0,0,0,200,0,1,0.144,2.15,0.36,0.1,929.56,2.23,0,666,7,25,24,250,0,0,99.9999999
305,0,0,0,200,0,1,0.599,2.22,0.23,0.11,595.08,2.5,0,666,7,25,0,250,0,0,0
306,0,0,0,200,0,1,0.599,2.22,0.23,0.11,595.08,2.5,0,666,7,25,1,250,0,0,2.799999864
307,0,0,0,200,0,1,0.599,2.22,0.23,0.11,595.08,2.5,0,666,7,25,2,250,0,0,1.290000042
308,0,0,0,200,0,1,0.599,2.22,0.23,0.11,595.08,2.5,0,666,7,25,3,250,0,0,1.799999865
309,0,0,0,200,0,1,0.599,2.22,0.23,0.11,595.08,2.5,0,666,7,25,4,250,0,0,2.300000031
310,0,0,0,200,0,1,0.599,2.22,0.23,0.11,595.08,2.5,0,666,7,25,6,250,0,0,2.699999964
311,0,0,0,200,0,1,0.599,2.22,0.23,0.11,595.08,2.5,0,666,7,25,8,250,0,0,0
312,0,0,0,200,0,1,0.599,2.22,0.23,0.11,595.08,2.5,0,666,7,25,12,250,0,0,2.799999864
313,0,0,0,200,1,0,0.489,1.64,0.21,0.18,770.76,2.41,0,666,7,25,24,250,0,0,0
314,0,0,0,200,1,0,0.489,1.64,0.21,0.18,770.76,2.41,0,666,7,25,0,250,0,0,0.300000033
315,0,0,0,200,1,0,0.489,1.64,0.21,0.18,770.76,2.41,0,666,7,25,1,250,0,0,2.626000038
316,0,0,0,200,1,0,0.489,1.64,0.21,0.18,770.76,2.41,0,666,7,25,2,250,0,0,0
317,0,0,0,200,1,0,0.489,1.64,0.21,0.18,770.76,2.41,0,666,7,25,3,250,0,0,0
318,0,0,0,200,1,0,0.489,1.64,0.21,0.18,770.76,2.41,0,666,7,25,4,250,0,0,0.05999994
319,0,0,0,200,1,0,0.489,1.64,0.21,0.18,770.76,2.41,0,666,7,25,6,250,0,0,1.850000148
320,0,0,0,200,1,0,0.489,1.64,0.21,0.18,770.76,2.41,0,666,7,25,8,250,0,0,6.439999887
321,0,0,0,200,1,0,0.489,1.64,0.21,0.18,770.76,2.41,0,666,7,25,12,250,0,0,7.449999876
322,0,0,0,200,1,0,0.489,1.64,0.21,0.18,770.76,2.41,0,666,7,25,24,250,0,0,10.99999999
323,0,0,0,200,0,1,0.522,1.02,0.14,0.1,522.66,2.53,0,666,7,25,0,250,0,0,0
324,0,0,0,200,0,1,0.522,1.02,0.14,0.1,522.66,2.53,0,666,7,25,1,250,0,0,0
325,0,0,0,200,0,1,0.522,1.02,0.14,0.1,522.66,2.53,0,666,7,25,2,250,0,0,1.359999972
326,0,0,0,200,0,1,0.522,1.02,0.14,0.1,522.66,2.53,0,666,7,25,3,250,0,0,1.369999962
327,0,0,0,200,0,1,0.522,1.02,0.14,0.1,522.66,2.53,0,666,7,25,4,250,0,0,0
328,0,0,0,200,0,1,0.522,1.02,0.14,0.1,522.66,2.53,0,666,7,25,6,250,0,0,1.019999979
329,0,0,0,200,0,1,0.522,1.02,0.14,0.1,522.66,2.53,0,666,7,25,8,250,0,0,1.500000165
330,0,0,0,200,0,1,0.522,1.02,0.14,0.1,522.66,2.53,0,666,7,25,12,250,0,0,0
331,0,0,0,200,0,1,0.522,1.02,0.14,0.1,522.66,2.53,0,666,7,25,24,250,0,0,0
332,0,0,0,200,0,1,0.144,2.15,0.36,0.1,929.56,2.23,0,666,7,25,24,250,0,0,99.82000008
333,0,0,0,200,0,1,0.144,2.15,0.36,0.1,929.56,2.23,0,666,7,25,24,250,0,0,46.10999984
334,0,0,0,200,0,1,0.144,2.15,0.36,0.1,929.56,2.23,0,666,7,25,24,250,0,0,71.15000011
335,0,0,0,200,0,1,0.144,2.15,0.36,0.1,929.56,2.23,0,666,7,25,24,250,0,0,56.46000015
336,0,0,0,200,0,1,0.144,2.15,0.36,0.1,929.56,2.23,0,666,3,25,24,250,0,0,94.02999988
337,0,0,0,200,0,1,0.144,2.15,0.36,0.1,929.56,2.23,0,666,5,25,24,250,0,0,93.56000001
338,0,0,0,200,0,1,0.144,2.15,0.36,0.1,929.56,2.23,0,666,7,25,24,250,0,0,71.26
339,0,0,0,200,0,1,0.144,2.15,0.36,0.1,929.56,2.23,0,666,9,25,24,250,0,0,80.69999989
340,0,0,0,33125,1,0,0,0.048,0.287830085,0.20389314,425,2.957845211,1,142.86,6.7,28,0.2,180,0,0,23.21517049
341,0,0,0,33125,1,0,0,0.048,0.287830085,0.203312337,425,2.957845211,1,142.86,6.7,28,0.4,180,0,0,32.14408222
342,0,0,0,33125,1,0,0,0.048,0.287830085,0.203312337,425,2.957845211,1,142.86,6.7,28,0.6,180,0,0,37.50142926
343,0,0,0,33125,1,0,0,0.048,0.287830085,0.203312337,425,2.957845211,1,142.86,6.7,28,0.8,180,0,0,35.71564691
344,0,0,0,33125,1,0,0,0.048,0.287830085,0.203312337,425,2.957845211,1,142.86,6.7,28,1,180,0,0,37.50142926
345,0,0,0,33125,1,0,0,0.048,0.287830085,0.203312337,425,2.957845211,1,142.86,6.7,28,2,180,0,0,41.07299395
346,0,0,0,33125,1,0,0,0.048,0.287830085,0.203312337,425,2.957845211,1,142.86,6.7,28,3,180,0,0,37.50142926
347,0,0,0,33125,1,0,0,0.048,0.287830085,0.203312337,425,2.957845211,1,142.86,6.7,28,4,180,0,0,39.2872116
348,0,0,0,33125,1,0,0,0.048,0.287830085,0.203312337,425,2.957845211,1,142.86,6.7,28,6,180,0,0,41.07299395
349,0,0,0,33125,1,0,0,0.048,0.287830085,0.203312337,425,2.957845211,1,142.86,6.7,28,12,180,0,0,44.64455864
350,0,0,0,33125,1,0,0,0.048,0.287830085,0.203394413,425,2.957845211,1,142.86,6.7,28,24,180,0,0,44.64455864
351,0,0,0,20000,1,0,0,0.048,0.287830085,0.203347594,425,2.957845211,1,142.86,6.7,28,24,180,0,0,68.02714623
352,0,0,0,60000,1,0,0,0.048,0.287830085,0.203104034,425,2.957845211,1,142.86,6.7,28,24,180,0,0,44.36553015
353,0,0,0,100000,1,0,0,0.048,0.287830085,0.203104034,425,2.957845211,1,142.86,6.7,28,24,180,0,0,30.1685605
354,0,0,0,140000,1,0,0,0.048,0.287830085,0.203104034,425,2.957845211,1,142.86,6.7,28,24,180,0,0,25.35173151
355,0,0,0,180000,1,0,0,0.048,0.287830085,0.203104034,425,2.957845211,1,142.86,6.7,28,24,180,0,0,21.36118118
356,0,0,0,220000,1,0,0,0.048,0.287830085,0.20325309,425,2.957845211,1,142.86,6.7,28,24,180,0,0,18.82174006
357,0,0,0,260000,1,0,0,0.048,0.287830085,0.20325309,425,2.957845211,1,142.86,6.7,28,24,180,0,0,16.60863436
358,0,0,0,300000,1,0,0,0.048,0.287830085,0.20325309,425,2.957845211,1,142.86,6.7,28,24,180,0,0,15.38005045
359,0,0,0,10000,0,0,0,0.15,0.31368655,0.257578701,1000,3.589503765,0,5000,6.7,25,0.17,120,0,0,83.7435
360,0,0,0,10000,0,0,0,0.15,0.31368655,0.256997913,1000,3.589503765,0,5000,6.7,25,0.33,120,0,0,92.1955
361,0,0,0,10000,0,0,0,0.15,0.31368655,0.256997913,1000,3.589503765,0,5000,6.7,25,0.5,120,0,0,94.1765
362,0,0,0,10000,0,0,0,0.15,0.31368655,0.254086763,1000,3.589503765,0,5000,6.7,25,1,120,0,0,96.5535
363,0,0,0,10000,0,0,0,0.15,0.31368655,0.254086763,1000,3.589503765,0,5000,6.7,25,2,120,0,0,97.478
364,0,0,0,10000,0,0,0,0.15,0.31368655,0.254086763,1000,3.589503765,0,5000,6.7,25,4,120,0,0,98.0065
365,0,0,0,40000,0,0,0,0.15,0.31368655,0.270037979,1000,3.589503765,0,5000,6.7,25,0.17,120,0,0,89.279375
366,0,0,0,40000,0,0,0,0.15,0.31368655,0.266546041,1000,3.589503765,0,5000,6.7,25,0.33,120,0,0,97.9295
367,0,0,0,40000,0,0,0,0.15,0.31368655,0.266546041,1000,3.589503765,0,5000,6.7,25,0.5,120,0,0,98.523875
368,0,0,0,40000,0,0,0,0.15,0.31368655,0.266954988,1000,3.589503765,0,5000,6.7,25,1,120,0,0,99.613375
369,0,0,0,40000,0,0,0,0.15,0.31368655,0.26610896,1000,3.589503765,0,5000,6.7,25,2,120,0,0,99.8445
370,0,0,0,40000,0,0,0,0.15,0.31368655,0.26610896,1000,3.589503765,0,5000,6.7,25,4,120,0,0,99.8445
371,0,0,0,20000,0,0,0,0.15,0.298237026,0.281230003,1000,3.589503765,0,100,6.1,25,2,120,0,0,46.1
372,0,0,0,20000,0,0,0,0.15,0.31368655,0.281183183,1000,3.589503765,0,500,6.1,25,2,120,0,0,86.6096
373,0,0,0,20000,0,0,0,0.15,0.31368655,0.281183183,1000,3.589503765,0,1000,6.1,25,2,120,0,0,88.4857
374,0,0,0,20000,0,0,0,0.15,0.31368655,0.26989311,1000,3.589503765,0,2000,6.1,25,2,120,0,0,70.6484
375,0,0,0,20000,0,0,0,0.15,0.31368655,0.257433832,1000,3.589503765,0,5000,6.1,25,2,120,0,0,87.82475
376,0,0,0,20000,0,0,0,0.15,0.31368655,0.257433832,1000,3.589503765,0,10000,6.1,25,2,120,0,0,90
377,0,0,0,40000,0,0,0,0.15,0.31368655,0.277836114,1000,3.589503765,0,2500,6.7,50,2,120,0,0,96.786
378,0,0,0,50000,1,0,0,0.1,0.298237026,0.230810836,812,3.589503765,0,100,3,25,0.17,150,0,0,30.64118
379,0,0,0,50000,1,0,0,0.1,0.298237026,0.230230033,812,3.589503765,0,100,3,25,0.5,150,0,0,39.75072
380,0,0,0,50000,1,0,0,0.1,0.298237026,0.230183214,812,3.589503765,0,100,3,25,1,150,0,0,51.34468
381,0,0,0,50000,1,0,0,0.1,0.298237026,0.230183214,812,3.589503765,0,100,3,25,2,150,0,0,57.9698
382,0,0,0,50000,1,0,0,0.1,0.298237026,0.230183214,812,3.589503765,0,100,3,25,3,150,0,0,60.45422
383,0,0,0,50000,1,0,0,0.1,0.298237026,0.230183214,812,3.589503765,0,100,3,25,4,150,0,0,62.93864
384,0,0,0,50000,1,0,0,0.1,0.298237026,0.230183214,812,3.589503765,0,100,3,25,6,150,0,0,62.93864
385,0,0,0,50000,1,0,0,0.1,0.298237026,0.230183214,812,3.589503765,0,100,3,25,9,150,0,0,63.76678
386,0,0,0,50000,1,0,0,0.1,0.298237026,0.230183214,812,3.589503765,0,100,3,25,12,150,0,0,64.59492
387,0,0,0,50000,1,0,0,0.1,0.298237026,0.207204491,812,3.589503765,0,100,7,25,0.17,150,0,0,19.04722
388,0,0,0,50000,1,0,0,0.1,0.298237026,0.206623688,812,3.589503765,0,100,7,25,0.5,150,0,0,24.01606
389,0,0,0,50000,1,0,0,0.1,0.298237026,0.206623688,812,3.589503765,0,100,7,25,1,150,0,0,28.9849
390,0,0,0,50000,1,0,0,0.1,0.298237026,0.206623688,812,3.589503765,0,100,7,25,2,150,0,0,29.81304
391,0,0,0,50000,1,0,0,0.1,0.298237026,0.206623688,812,3.589503765,0,100,7,25,3,150,0,0,32.29746
392,0,0,0,50000,1,0,0,0.1,0.298237026,0.206623688,812,3.589503765,0,100,7,25,4,150,0,0,33.1256
393,0,0,0,50000,1,0,0,0.1,0.298237026,0.206623688,812,3.589503765,0,100,7,25,6,150,0,0,34.78188
394,0,0,0,50000,1,0,0,0.1,0.298237026,0.206623688,812,3.589503765,0,100,7,25,9,150,0,0,35.61002
395,0,0,0,50000,1,0,0,0.1,0.298237026,0.206623688,812,3.589503765,0,100,7,25,12,150,0,0,34.78188
396,0,0,0,20000,1,0,0,0.1,0.298237026,0.207303151,812,3.589503765,0,100,5,25,12,150,0,0,78.6733
397,0,0,0,50000,1,0,0,0.1,0.298237026,0.207059592,812,3.589503765,0,100,5,25,12,150,0,0,40.57886
398,0,0,0,100000,1,0,0,0.1,0.298237026,0.20508039,812,3.589503765,0,100,5,25,12,150,0,0,24.01606
399,0,0,0,150000,1,0,0,0.1,0.298237026,0.20508039,812,3.589503765,0,100,5,25,12,150,0,0,16.5628
400,0,0,0,200000,1,0,0,0.1,0.298237026,0.20508039,812,3.589503765,0,100,5,25,12,150,0,0,12.629135
401,0,0,0,250000,1,0,0,0.1,0.298237026,0.20508039,812,3.589503765,0,100,5,25,12,150,0,0,11.59396
402,0,0,0,100000,0,0,0,0.045,0.318617821,0.187897056,825,1.62,0,600,6.7,25,0.08,165,0,0,56.22739344
403,0,0,0,100000,0,0,0,0.045,0.318617821,0.187897056,825,1.62,0,600,6.7,25,0.17,165,0,0,53.66595642
404,0,0,0,100000,0,0,0,0.045,0.318617821,0.187316254,825,1.62,0,600,6.7,25,0.33,165,0,0,55.17399936
405,0,0,0,100000,0,0,0,0.045,0.318617821,0.187316254,825,1.62,0,600,6.7,25,0.67,165,0,0,56.54788362
406,0,0,0,100000,0,0,0,0.045,0.318617821,0.187316254,825,1.62,0,600,6.7,25,1,165,0,0,56.4087561
407,0,0,0,100000,0,0,0,0.045,0.318617821,0.187316254,825,1.62,0,600,6.7,25,3,165,0,0,63.08936148
408,0,0,0,100000,0,0,0,0.045,0.318617821,0.187316254,825,1.62,0,600,6.7,25,20,165,0,0,61.53411456
409,0,0,0,100000,0,0,0,0.045,0.318617821,0.187316254,825,1.62,0,600,6.7,25,24,165,0,0,61.85460474
410,0,0,0,100000,0,0,0,0.045,0.318617821,0.187316254,825,1.62,0,600,6.7,25,48,165,0,0,61.1664204
411,0,0,0,100000,0,0,0,0.045,0.318617821,0.187316254,825,1.62,0,600,6.7,25,96,165,0,0,67.20604542
412,0,0,0,200,0,1,0.006,0.149,0.18,0.15,659.22,2.37,0,666,7,25,0,250,0,0,0
413,0,0,0,200,0,1,0.006,0.149,0.18,0.15,659.22,2.37,0,666,7,25,1,250,0,0,100
414,0,0,0,200,0,1,0.006,0.149,0.18,0.15,659.22,2.37,0,666,7,25,2,250,0,0,99
415,0,0,0,200,0,1,0.006,0.149,0.18,0.15,659.22,2.37,0,666,7,25,3,250,0,0,100
416,0,0,0,200,0,1,0.006,0.149,0.18,0.15,659.22,2.37,0,666,7,25,4,250,0,0,100
417,0,0,0,200,0,1,0.006,0.149,0.18,0.15,659.22,2.37,0,666,7,25,6,250,0,0,100
418,0,0,0,200,0,1,0.006,0.149,0.18,0.15,659.22,2.37,0,666,7,25,8,250,0,0,100
419,0,0,0,200,0,1,0.006,0.149,0.18,0.15,659.22,2.37,0,666,7,25,12,250,0,0,100
420,0,0,0,200,0,1,0.006,0.149,0.18,0.15,659.22,2.37,0,666,7,25,24,250,0,0,100
421,0,0,0,200,1,0,0.012,0.26,0.11,0.22,407.11,3.55,0,666,7,25,0,250,0,0,0
422,0,0,0,200,1,0,0.012,0.26,0.11,0.22,407.11,3.55,0,666,7,25,1,250,0,0,92.6
423,0,0,0,200,1,0,0.012,0.26,0.11,0.22,407.11,3.55,0,666,7,25,2,250,0,0,96.4
424,0,0,0,200,1,0,0.012,0.26,0.11,0.22,407.11,3.55,0,666,7,25,3,250,0,0,97.44
425,0,0,0,200,1,0,0.012,0.26,0.11,0.22,407.11,3.55,0,666,7,25,4,250,0,0,97.7
426,0,0,0,200,1,0,0.012,0.26,0.11,0.22,407.11,3.55,0,666,7,25,6,250,0,0,100
427,0,0,0,200,1,0,0.012,0.26,0.11,0.22,407.11,3.55,0,666,7,25,8,250,0,0,100
428,0,0,0,200,1,0,0.012,0.26,0.11,0.22,407.11,3.55,0,666,7,25,12,250,0,0,100
429,0,0,0,200,1,0,0.012,0.26,0.11,0.22,407.11,3.55,0,666,7,25,24,250,0,0,100
430,0,0,0,200,1,0,0.012,0.26,0.11,0.22,407.11,3.55,0,666,7,25,0,250,0,0,0
431,0,0,0,200,0,1,0.009,0.158,0.16,0.54,734.72,4.12,0,666,7,25,1,250,0,0,87.724
432,0,0,0,200,0,1,0.009,0.158,0.16,0.54,734.72,4.12,0,666,7,25,2,250,0,0,90.77
433,0,0,0,200,0,1,0.009,0.158,0.16,0.54,734.72,4.12,0,666,7,25,3,250,0,0,93.381
434,0,0,0,200,0,1,0.009,0.158,0.16,0.54,734.72,4.12,0,666,7,25,4,250,0,0,83.721
435,0,0,0,200,0,1,0.009,0.158,0.16,0.54,734.72,4.12,0,666,7,25,6,250,0,0,95.005
436,0,0,0,200,0,1,0.009,0.158,0.16,0.54,734.72,4.12,0,666,7,25,8,250,0,0,93.7
437,0,0,0,200,0,1,0.009,0.158,0.16,0.54,734.72,4.12,0,666,7,25,12,250,0,0,93.178
438,0,0,0,200,0,1,0.009,0.158,0.16,0.54,734.72,4.12,0,666,7,25,24,250,0,0,95.556
439,0,0,0,200,0,1,0.009,0.158,0.16,0.54,734.72,4.12,0,666,7,25,0,250,0,0,0
440,0,0,0,200,0,1,0.01,0.254,0.33,0.76,1215.06,3.82,0,666,7,25,1,250,0,0,37.296
441,0,0,0,200,0,1,0.01,0.254,0.33,0.76,1215.06,3.82,0,666,7,25,2,250,0,0,37.726
442,0,0,0,200,0,1,0.01,0.254,0.33,0.76,1215.06,3.82,0,666,7,25,3,250,0,0,38.241
443,0,0,0,200,0,1,0.01,0.254,0.33,0.76,1215.06,3.82,0,666,7,25,4,250,0,0,37.926
444,0,0,0,200,0,1,0.01,0.254,0.33,0.76,1215.06,3.82,0,666,7,25,6,250,0,0,41.045
445,0,0,0,200,0,1,0.01,0.254,0.33,0.76,1215.06,3.82,0,666,7,25,8,250,0,0,42.848
446,0,0,0,200,0,1,0.01,0.254,0.33,0.76,1215.06,3.82,0,666,7,25,12,250,0,0,44.365
447,0,0,0,200,0,1,0.01,0.254,0.33,0.76,1215.06,3.82,0,666,7,25,24,250,0,0,44.479
448,0,0,0,200,0,1,0.006,0.149,0.18,0.15,659.22,2.37,0,666,7,25,24,250,0,0,99.4
449,0,0,0,200,0,1,0.006,0.149,0.18,0.15,659.22,2.37,0,666,7,25,24,250,0,0,94.59
450,0,0,0,200,0,1,0.006,0.149,0.18,0.15,659.22,2.37,0,666,7,25,24,250,0,0,97.35
451,0,0,0,200,0,1,0.006,0.149,0.18,0.15,659.22,2.37,0,666,7,25,24,250,0,0,95.81
452,0,0,0,200,0,1,0.012,0.26,0.11,0.22,407.11,3.55,0,666,7,25,24,250,0,0,99.47
453,0,0,0,200,0,1,0.012,0.26,0.11,0.22,407.11,3.55,0,666,7,25,24,250,0,0,97.26
454,0,0,0,200,0,1,0.012,0.26,0.11,0.22,407.11,3.55,0,666,7,25,24,250,0,0,95.76
455,0,0,0,200,0,1,0.012,0.26,0.11,0.22,407.11,3.55,0,666,7,25,24,250,0,0,94.71
456,0,0,0,200,0,1,0.006,0.149,0.18,0.15,659.22,2.37,0,666,3,25,24,250,0,0,80.39
457,0,0,0,200,0,1,0.006,0.149,0.18,0.15,659.22,2.37,0,666,5,25,24,250,0,0,91.38
458,0,0,0,200,0,1,0.006,0.149,0.18,0.15,659.22,2.37,0,666,7,25,24,250,0,0,97.97
459,0,0,0,200,0,1,0.006,0.149,0.18,0.15,659.22,2.37,0,666,9,25,24,250,0,0,80.62
460,0,0,0,200,1,0,0.012,0.26,0.11,0.22,407.11,3.55,0,666,3,25,24,250,0,0,66.73
461,0,0,0,200,1,0,0.012,0.26,0.11,0.22,407.11,3.55,0,666,5,25,24,250,0,0,85.1
462,0,0,0,200,1,0,0.012,0.26,0.11,0.22,407.11,3.55,0,666,7,25,24,250,0,0,96
463,0,0,0,200,1,0,0.012,0.26,0.11,0.22,407.11,3.55,0,666,9,25,24,250,0,0,87.8
464,0,0,0,100,1,0,0,0.0503,0.298237026,0.378506869,791,3.82,0,70,7,22,0.08,150,0,0,80.47541545
465,0,0,0,100,1,0,0,0.0503,0.298237026,0.377926081,791,3.82,0,70,7,22,0.3514,150,0,0,82.8689885
466,0,0,0,100,1,0,0,0.0503,0.298237026,0.377926081,791,3.82,0,70,7,22,1,150,0,0,83.61853801
467,0,0,0,100,1,0,0,0.0503,0.298237026,0.377926081,791,3.82,0,70,7,22,3,150,0,0,83.73389791
468,0,0,0,100,1,0,0,0.0503,0.298237026,0.377926081,791,3.82,0,70,7,22,8,150,0,0,83.50317811
469,0,0,0,100,1,0,0,0.0503,0.298237026,0.377926081,791,3.82,0,70,7,22,12,150,0,0,83.61853801
470,0,0,0,100,1,0,0,0.0503,0.298237026,0.377926081,791,3.82,0,70,7,22,24,150,0,0,84.05099272
471,0,0,0,100,1,0,0,0.0503,0.298237026,0.377926081,791,3.82,0,70,7,22,48,150,0,0,83.93563282
472,0,0,0,1000,1,0,0,0.0503,0.298237026,0.377926081,791,3.82,0,220,7,22,24,150,0,0,91.0954
473,0,0,0,10000,1,0,0,0.0503,0.298237026,0.387014955,791,3.82,0,220,7,22,24,150,0,0,95.70450841
474,0,0,0,20000,1,0,0,0.0503,0.298237026,0.387541622,791,3.82,0,220,7,22,24,150,0,0,93.96245919
475,0,0,0,50000,1,0,0,0.0503,0.298237026,0.387251228,791,3.82,0,220,7,22,24,150,0,0,63.2670197
476,0,0,0,75000,1,0,0,0.0503,0.298237026,0.387298048,791,3.82,0,220,7,22,24,150,0,0,46.2202622
477,0,0,0,100000,1,0,0,0.0503,0.298237026,0.385318846,791,3.82,0,220,7,22,24,150,0,0,38.60162747
478,0,0,0,100,1,0,0,0.0503,0.298237026,0.398488849,791,3.82,0,70,3,22,24,150,0,0,99.7781
479,0,0,0,100,1,0,0,0.0503,0.298237026,0.374472171,791,3.82,0,70,6,22,24,150,0,0,99.30328
480,0,0,0,100,1,0,0,0.0503,0.298237026,0.374287993,791,3.82,0,70,11,22,24,150,0,0,99.60317
481,0,0,0,100000,1,0,0,0.1,0.298237026,0.20544517,689.2813721,2.695209503,0,100,5,25,3,180,0,0,13.10821399
482,0,0,0,100000,1,0,0,0.1,0.298237026,0.20544517,689.2813721,2.695209503,0,100,5,25,5,180,0,0,13.74588179
483,0,0,0,100000,1,0,0,0.1,0.298237026,0.20544517,689.2813721,2.695209503,0,100,5,25,14,180,0,0,19.32133434
484,0,0,0,100000,1,0,0,0.1,0.298237026,0.20537819,689.3823853,2.695209503,0,100,5,25,18,180,0,0,20.33539177
485,0,0,0,100000,1,0,0,0.1,0.298237026,0.20537819,689.3823853,2.695209503,0,100,5,25,24,180,0,0,20.50433233
486,0,0,0,100000,1,0,0,0.1,0.298237026,0.20537819,689.3823853,2.695209503,0,100,5,25,36,180,0,0,20.35816562
487,0,0,0,100000,1,0,0,0.1,0.298237026,0.20537819,689.3823853,2.695209503,0,100,5,25,48,180,0,0,20.65008497
488,0,0,0,100000,1,0,0,0.1,0.298237026,0.20537819,689.3823853,2.695209503,0,100,5,25,63,180,0,0,20.35816562
489,0,0,0,100000,1,0,0,0.1,0.298237026,0.20537819,691.2910156,2.695209503,0,100,5,25,75,180,0,0,20.18922506
490,0,0,0,100000,1,0,0,0.1,0.298237026,0.20537819,692.8971558,2.695209503,0,100,5,25,120,180,0,0,20.15858388
491,0,0,0,100000,1,0,0,0.1,0.298237026,0.20537819,692.8971558,2.695209503,0,100,5,25,144,180,0,0,20.41986205
492,0,0,0,20000,1,0,0,0.1,0.298237026,0.205621749,693.5698242,2.695209503,0,100,5,25,18.5,180,0,0,70.07099575
493,0,0,0,50000,1,0,0,0.1,0.298237026,0.20537819,690.1775513,2.695209503,0,100,5,25,18.5,180,0,0,33.84276924
494,0,0,0,100000,1,0,0,0.1,0.298237026,0.205527246,689.2813721,2.695209503,0,100,5,25,18.5,180,0,0,18.61741534
495,0,0,0,150000,1,0,0,0.1,0.298237026,0.205527246,689.2813721,2.695209503,0,100,5,25,18.5,180,0,0,12.91622353
496,0,0,0,200000,1,0,0,0.1,0.298237026,0.207200319,689.2813721,2.695209503,0,100,5,25,18.5,180,0,0,9.807040915
497,0,0,0,250000,1,0,0,0.1,0.298237026,0.207200319,689.3823853,2.695209503,0,100,5,25,18.5,180,0,0,8.203720468
498,0,0,0,300000,1,0,0,0.1,0.298237026,0.207200319,689.3823853,2.695209503,0,100,5,25,18.5,180,0,0,6.916349233
499,0,0,0,100000,1,0,0,0.1,0.298237026,0.227043331,690.9108887,2.695209503,0,100,2,25,18.5,180,0,0,28.21514387
500,0,0,0,100000,1,0,0,0.1,0.298237026,0.227043331,689.3823853,2.695209503,0,100,3,25,18.5,180,0,0,25.85991371
501,0,0,0,100000,1,0,0,0.1,0.298237026,0.205527246,689.2813721,2.695209503,0,100,5,25,18.5,180,0,0,17.32137624
502,0,0,0,100000,1,0,0,0.1,0.298237026,0.205091342,691.3213501,2.695209503,0,100,7,25,18.5,180,0,0,15.89656137
503,0,0,0,100000,1,0,0,0.1,0.298237026,0.205091342,691.3213501,2.695209503,0,100,9,25,18.5,180,0,0,16.03900145
504,0,0,0,100000,1,0,0,0.1,0.298237026,0.205091342,691.3213501,2.695209503,0,100,10,25,18.5,180,0,0,13.79764054
505,0,1,0,0.1,1,0,0.5,1,0.292336017,0.238274887,1014,3.589503765,0,10,8.3,22,0,160,0,3.52,0
506,0,1,0,0.1,1,0,0.5,1,0.292336017,0.238212407,1014,3.589503765,0,10,8.3,22,0.5,160,0,3.52,33.1226
507,0,1,0,0.1,1,0,0.5,1,0.292336017,0.238212407,1014,3.589503765,0,10,8.3,22,1,160,0,3.52,34.7777
508,0,1,0,0.1,1,0,0.5,1,0.292336017,0.238212407,1014,3.589503765,0,10,8.3,22,2,160,0,3.52,37.1315
509,0,1,0,0.1,1,0,0.5,1,0.292336017,0.238212407,1014,3.589503765,0,10,8.3,22,4,160,0,3.52,39.5405
510,0,1,0,0.1,1,0,0.5,1,0.292336017,0.238212407,1014,3.589503765,0,10,8.3,22,6,160,0,3.52,39.9451
511,0,1,0,0.1,1,0,0.5,1,0.292336017,0.238212407,1014,3.589503765,0,10,8.3,22,8,160,0,3.52,40.7175
512,0,1,0,0.1,1,0,0.5,1,0.292336017,0.238274887,1014,3.589503765,0,30,8.3,22,0,160,0,3.52,0
513,0,1,0,0.1,1,0,0.5,1,0.292336017,0.238165587,1014,3.589503765,0,30,8.3,22,0.5,160,0,3.52,64.7427
514,0,1,0,0.1,1,0,0.5,1,0.292336017,0.238165587,1014,3.589503765,0,30,8.3,22,1,160,0,3.52,74.2146
515,0,1,0,0.1,1,0,0.5,1,0.292336017,0.238165587,1014,3.589503765,0,30,8.3,22,2,160,0,3.52,80.0637
516,0,1,0,0.1,1,0,0.5,1,0.292336017,0.238165587,1014,3.589503765,0,30,8.3,22,4,160,0,3.52,84.6831
517,0,1,0,0.1,1,0,0.5,1,0.292336017,0.238165587,1014,3.589503765,0,30,8.3,22,6,160,0,3.52,85.1817
518,0,1,0,0.1,1,0,0.5,1,0.292336017,0.238165587,1014,3.589503765,0,30,8.3,22,8,160,0,3.52,86.0457
519,0,1,0,0.1,1,0,0.5,1,0.292336017,0.238274887,1014,3.589503765,0,50,8.3,22,0,160,0,3.52,0
520,0,1,0,0.1,1,0,0.5,1,0.292336017,0.238165587,1014,3.589503765,0,50,8.3,22,0.5,160,0,3.52,85.5775
521,0,1,0,0.1,1,0,0.5,1,0.292336017,0.238165587,1014,3.589503765,0,50,8.3,22,1,160,0,3.52,92.5115
522,0,1,0,0.1,1,0,0.5,1,0.292336017,0.234388247,1014,3.589503765,0,50,8.3,22,2,160,0,3.52,97.46
523,0,1,0,0.1,1,0,0.5,1,0.292336017,0.234388247,1014,3.589503765,0,50,8.3,22,4,160,0,3.52,98.2615
524,0,1,0,0.1,1,0,0.5,1,0.292336017,0.234388247,1014,3.589503765,0,50,8.3,22,6,160,0,3.52,98.6445
525,0,1,0,0.1,1,0,0.5,1,0.292336017,0.234388247,1014,3.589503765,0,50,8.3,22,8,160,0,3.52,98.784
526,0,1,0,0.1,1,0,0.5,1,0.292336017,0.238274887,1014,3.589503765,0,100,8.3,22,0,160,0,3.52,0
527,0,1,0,0.1,1,0,0.5,1,0.292336017,0.234388247,1014,3.589503765,0,100,8.3,22,0.5,160,0,3.52,99.313
528,0,1,0,0.1,1,0,0.5,1,0.292336017,0.234714106,1014,3.589503765,0,100,8.3,22,1,160,0,3.52,99.708
529,0,1,0,0.1,1,0,0.5,1,0.292336017,0.234714106,1014,3.589503765,0,100,8.3,22,2,160,0,3.52,99.807
530,0,1,0,0.1,1,0,0.5,1,0.292336017,0.234714106,1014,3.589503765,0,100,8.3,22,4,160,0,3.52,99.807
531,0,1,0,0.1,1,0,0.5,1,0.292336017,0.233868092,1014,3.589503765,0,100,8.3,22,6,160,0,3.52,100
532,0,1,0,0.1,1,0,0.5,1,0.292336017,0.234714106,1014,3.589503765,0,100,8.3,22,8,160,0,3.52,99.807
533,0,0,0,0.1,0,0,0,0.155326933,0.298237026,0.156538725,789.0280762,3.589503765,0,100,6.7,25,48,120,0,0,96.8733
534,0,0,0,0.1,0,0,0,0.157390192,0.287830085,0.14801693,493,2.695209503,1,100,6.7,25,48,120,0,0,96.5062
535,0,0,0,0.1,0,0,0,0.157390192,0.287830085,0.14801693,493,2.695209503,1,100,6.7,25,48,120,0,0,97.2739
536,0,0,0,0.1,0,0,0,0.157390192,0.287830085,0.150928065,493,2.695209503,1,100,6.7,25,48,120,0,0,93.5019
537,0,0,0,0.1,0,0,0,0.155326933,0.287830085,0.150928065,487.0326538,2.695209503,1,100,6.7,25,48,120,0,0,90.4977
538,0,0,0,0.1,0,0,0,0.155326933,0.287830085,0.14801693,483.6467285,2.695209503,1,100,6.7,25,48,120,0,0,98.0083
539,0,0,0,0.1,0,0,0,0.155326933,0.287830085,0.14801693,484.4443359,2.695209503,1,100,6.7,25,48,120,0,0,98.776
540,0,0,0,10,0,0,0,0.155326933,0.298237026,0.156015277,811.5183105,3.589503765,0,100,6.7,25,2,120,0,0,99.02878
541,0,0,0,10,0,0,0,0.155326933,0.298237026,0.156015277,811.5183105,3.589503765,0,100,6.7,25,4,120,0,0,98.4915
542,0,0,0,10,0,0,0,0.155326933,0.298237026,0.156015277,811.5183105,3.589503765,0,100,6.7,25,8,120,0,0,98.58105
543,0,0,0,10,0,0,0,0.157390192,0.287830085,0.147411406,493,2.695209503,1,100,6.7,25,2,120,0,0,97.92437
544,0,0,0,10,0,0,0,0.157390192,0.287830085,0.147411406,493,2.695209503,1,100,6.7,25,4,120,0,0,98.13332
545,0,0,0,10,0,0,0,0.157390192,0.287830085,0.147411406,493,2.695209503,1,100,6.7,25,8,120,0,0,99.38697
546,0,0,0,200,0,0,0,0.045,0.31368655,0.159841731,751.9,2.8,0,1000,6.85,22,0,160,0,0,0
547,0,0,0,200,0,0,0,0.045,0.31368655,0.159224227,751.9,2.8,0,1000,6.85,22,0.083,160,0,0,26.125
548,0,0,0,200,0,0,0,0.045,0.31368655,0.158119977,751.9,2.8,0,1000,6.85,22,0.25,160,0,0,31.005
549,0,0,0,200,0,0,0,0.045,0.31368655,0.158119977,751.9,2.8,0,1000,6.85,22,1,160,0,0,41.67
550,0,0,0,200,0,0,0,0.045,0.31368655,0.158073157,751.9,2.8,0,1000,6.85,22,2,160,0,0,66.97
551,0,0,0,200,0,0,0,0.045,0.31368655,0.158073157,751.9,2.8,0,1000,6.85,22,6,160,0,0,90.52
552,0,0,0,200,0,0,0,0.045,0.31368655,0.154939324,751.9,2.8,0,1000,6.85,22,12,160,0,0,100
553,0,0,0,200,0,0,0,0.045,0.31368655,0.155162022,751.9,2.8,0,1000,6.85,22,16,160,0,0,96.18
554,0,0,0,200,0,0,0,0.045,0.31368655,0.154939324,751.9,2.8,0,1000,6.85,22,30,160,0,0,100
555,0,0,0,200,0,0,0,0.045,0.298237026,0.165883243,751.9,2.8,0,100,6.7,22,24,160,0,0,45
556,0,0,0,200,0,0,0,0.045,0.31368655,0.154939324,751.9,2.8,0,1000,6.7,22,24,160,0,0,100
557,0,0,0,200,0,0,0,0.045,0.31368655,0.155462772,751.9,2.8,0,5000,6.7,22,24,160,0,0,100
558,0,0,0,200,0,0,0,0.045,0.31368655,0.155462772,751.9,2.8,0,10000,6.7,22,24,160,0,0,100
559,0,0,0,200,0,0,0,0.045,0.31368655,0.155462772,751.9,2.8,0,50000,6.7,22,24,160,0,0,100
560,1,0,0,200,0,0,0,0.045,0.298237026,0.19993566,751.9,2.8,0,300,4,22,24,160,107,0,100
561,1,0,0,200,0,0,0,0.045,0.298237026,0.162766919,751.9,2.8,0,300,5,22,24,160,107,0,100
562,1,0,0,200,0,0,0,0.045,0.298237026,0.162766919,751.9,2.8,0,300,6,22,24,160,107,0,100
563,1,0,0,200,0,0,0,0.045,0.298237026,0.162331015,751.9,2.8,0,300,7,22,24,160,107,0,100
564,1,0,0,200,0,0,0,0.045,0.298237026,0.162331015,751.9,2.8,0,300,8,22,24,160,107,0,100
565,0,0,0,0.88,1,0,0,0.021,0.318617821,0.239858046,1000,2.257937908,0,500,7.9,25,96,160,0,1600,47.2
566,0,0,0,0.88,1,0,0,0.021,0.318617821,0.239811227,1000,2.257937908,0,1000,7.9,25,96,160,0,1600,62.8
567,0,0,0,0.88,1,0,0,0.021,0.318617821,0.235921428,1000,2.257937908,0,5000,7.9,25,96,160,0,1600,98.16
568,0,0,0,0.88,1,0,0,0.021,0.318617821,0.23569873,1000,2.257937908,0,10000,7.9,25,96,160,0,1600,99.95
569,0,0,0,0.88,1,0,0,0.021,0.318617821,0.23569873,1000,2.257937908,0,20000,7.9,25,96,160,0,1600,100
570,0,0,0,0.88,1,0,0,0.021,0.318617821,0.23569873,1000,2.257937908,0,30000,7.9,25,96,160,0,1600,100
571,0,0,0,0.88,1,0,0,0.021,0.318617821,0.23569873,1000,2.257937908,0,50000,7.9,25,96,160,0,1600,100
572,0,0,0,0.88,1,0,0,0.021,0.318617821,0.678375304,1300,2.257937908,0,500,7.9,25,96,160,0,1600,82.02
573,0,0,0,0.88,1,0,0,0.021,0.318617821,0.678375304,1300,2.257937908,0,1000,7.9,25,96,160,0,1600,71.9
574,0,0,0,0.88,1,0,0,0.021,0.318617821,0.674485445,1300,2.257937908,0,5000,7.9,25,96,160,0,1600,99.06
575,0,0,0,0.88,1,0,0,0.021,0.318617821,0.674701214,1300,2.257937908,0,10000,7.9,25,96,160,0,1600,100
576,0,0,0,0.88,1,0,0,0.021,0.318617821,0.674701214,1300,2.257937908,0,20000,7.9,25,96,160,0,1600,100
577,0,0,0,0.88,1,0,0,0.021,0.318617821,0.674701214,1300,2.257937908,0,30000,7.9,25,96,160,0,1600,100
578,0,0,0,0.88,1,0,0,0.021,0.318617821,0.674701214,1300,2.257937908,0,50000,7.9,25,96,160,0,1600,100
579,0,0,0,0.88,1,0,0,0.021,0.318617821,0.239811227,1000,2.257937908,0,1000,7.9,25,0.5,160,0,1600,89.2
580,0,0,0,0.88,1,0,0,0.021,0.318617821,0.239811227,1000,2.257937908,0,1000,7.9,25,1,160,0,1600,92.98
581,0,0,0,0.88,1,0,0,0.021,0.318617821,0.239811227,1000,2.257937908,0,1000,7.9,25,2,160,0,1600,93.23
582,0,0,0,0.88,1,0,0,0.021,0.318617821,0.239811227,1000,2.257937908,0,1000,7.9,25,4,160,0,1600,92.98
583,0,0,0,0.88,1,0,0,0.021,0.318617821,0.239811227,1000,2.257937908,0,1000,7.9,25,8,160,0,1600,93.37
584,0,0,0,0.88,1,0,0,0.021,0.318617821,0.239811227,1000,2.257937908,0,1000,7.9,25,24,160,0,1600,93.12
585,0,0,0,0.88,1,0,0,0.021,0.318617821,0.239284545,1000,2.257937908,0,1000,7.9,25,48,160,0,1600,95.39
586,0,0,0,0.88,1,0,0,0.021,0.318617821,0.23569873,1000,2.257937908,0,1000,7.9,25,72,160,0,1600,99.85
587,0,0,0,0.88,1,0,0,0.021,0.318617821,0.23569873,1000,2.257937908,0,1000,7.9,25,96,160,0,1600,99.99
588,0,0,0,0.88,1,0,0,0.02,0.318617821,0.678375304,1300,2.257937908,0,500,7.9,25,0.5,160,0,1600,89.16
589,0,0,0,0.88,1,0,0,0.02,0.318617821,0.678375304,1300,2.257937908,0,1000,7.9,25,1,160,0,1600,93.62
590,0,0,0,0.88,1,0,0,0.02,0.318617821,0.678375304,1300,2.257937908,0,5000,7.9,25,2,160,0,1600,93.88
591,0,0,0,0.88,1,0,0,0.02,0.318617821,0.678375304,1300,2.257937908,0,10000,7.9,25,4,160,0,1600,94.5
592,0,0,0,0.88,1,0,0,0.02,0.318617821,0.677848577,1300,2.257937908,0,20000,7.9,25,8,160,0,1600,95.34
593,0,0,0,0.88,1,0,0,0.02,0.318617821,0.677848577,1300,2.257937908,0,30000,7.9,25,24,160,0,1600,95.21
594,0,0,0,0.88,1,0,0,0.02,0.318617821,0.677848577,1300,2.257937908,0,50000,7.9,25,48,160,0,1600,94.85
595,0,0,0,0.88,1,0,0,0.02,0.318617821,0.674701214,1300,2.257937908,0,30000,7.9,25,72,160,0,1600,99.93
596,0,0,0,0.88,1,0,0,0.02,0.318617821,0.674701214,1300,2.257937908,0,50000,7.9,25,96,160,0,1600,100
597,0,0,0,700000,0,0,0,0.171225056,0.31368655,0.649084628,1539,3.5,0,2500,2,25,24,50,0,0,98.34642
598,0,0,0,700000,0,0,0,0.171225056,0.31368655,0.65090704,1539,3.5,0,2500,3,25,24,50,0,0,90.61049
599,0,0,0,700000,0,0,0,0.171225056,0.31368655,0.666890085,1539,3.5,0,2500,4,25,24,50,0,0,85.00983
600,0,0,0,700000,0,0,0,0.171225056,0.31368655,0.666890085,1539,3.5,0,2500,5,25,24,50,0,0,85.40654
601,0,0,0,700000,0,0,0,0.171225056,0.31368655,0.666890085,1539,3.5,0,2500,6,25,24,50,0,0,85.83826
602,0,0,0,700000,0,0,0,0.171225056,0.31368655,0.666454196,1539,3.5,0,2500,7,25,24,50,0,0,84.65978
603,0,0,0,700000,0,0,0,0.171225056,0.31368655,0.666454196,1539,3.5,0,2500,8,25,24,50,0,0,80.6343
604,0,0,0,700000,0,0,0,0.171225056,0.31368655,0.666454196,1539,3.5,0,2500,9,25,24,50,0,0,80.24926
605,0,0,0,700000,0,0,0,0.171225056,0.31368655,0.666454196,1539,3.5,0,2500,6.7,15,24,50,0,0,85.6257
606,0,0,0,700000,0,0,0,0.171225056,0.31368655,0.666454196,1539,3.5,0,2500,6.7,25,24,50,0,0,86.20975
607,0,0,0,700000,0,0,0,0.171225056,0.31368655,0.666454196,1539,3.5,0,2500,6.7,40,24,50,0,0,88.08706
608,0,0,0,700000,0,0,0,0.171225056,0.31368655,0.666454196,1539,3.5,0,2500,6.7,50,24,50,0,0,86.00116
609,0,0,0,1500000,0,0,0,0.171225056,0.31368655,0.666652143,1539,3.5,0,2500,6.7,25,0.25,50,0,0,75.55052208
610,0,0,0,1500000,0,0,0,0.171225056,0.31368655,0.666652143,1539,3.5,0,2500,6.7,25,0.5,50,0,0,78.07634908
611,0,0,0,1500000,0,0,0,0.171225056,0.31368655,0.666652143,1539,3.5,0,2500,6.7,25,1,50,0,0,78.8140838
612,0,0,0,1500000,0,0,0,0.171225056,0.31368655,0.666652143,1539,3.5,0,2500,6.7,25,2,50,0,0,80.54765687
613,0,0,0,1500000,0,0,0,0.171225056,0.31368655,0.666652143,1539,3.5,0,2500,6.7,25,3,50,0,0,80.13151652
614,0,0,0,1500000,0,0,0,0.171225056,0.31368655,0.666652143,1539,3.5,0,2500,6.7,25,6,50,0,0,78.83754777
615,0,0,0,1500000,0,0,0,0.171225056,0.31368655,0.666652143,1539,3.5,0,2500,6.7,25,12,50,0,0,78.75128318
616,0,0,0,1500000,0,0,0,0.171225056,0.31368655,0.666652143,1539,3.5,0,2500,6.7,25,24,50,0,0,79.66085695
617,0,0,0,1500000,0,0,0,0.171225056,0.31368655,0.666652143,1539,3.5,0,2500,6.7,25,36,50,0,0,79.07287755
618,0,0,0,500000,0,0,0,0.171225056,0.31368655,0.666454196,1539,3.5,0,2500,6.7,25,24,50,0,0,84.74977725
619,0,0,0,600000,0,0,0,0.171225056,0.31368655,0.666454196,1539,3.5,0,2500,6.7,25,24,50,0,0,83.2073665
620,0,0,0,700000,0,0,0,0.171225056,0.31368655,0.666454196,1539,3.5,0,2500,6.7,25,24,50,0,0,81.69896864
621,0,0,0,800000,0,0,0,0.171225056,0.31368655,0.666454196,1539,3.5,0,2500,6.7,25,24,50,0,0,79.07054841
622,0,0,0,900000,0,0,0,0.171225056,0.31368655,0.666454196,1539,3.5,0,2500,6.7,25,24,50,0,0,78.58933581
623,0,0,0,1000000,0,0,0,0.171225056,0.31368655,0.666454196,1539,3.5,0,2500,6.7,25,24,50,0,0,76.28308093
624,0,0,0,1150000,0,0,0,0.171225056,0.31368655,0.666652143,1539,3.5,0,2500,6.7,25,24,50,0,0,76.07366052
625,0,0,0,1250000,0,0,0,0.171225056,0.31368655,0.666652143,1539,3.5,0,2500,6.7,25,24,50,0,0,72.710692
