ID,ground water,surface water,Lake,C0,coal,wood,Dmin,Dmax,micro,meso,SSA,pore size,Fe,M,pH,temperature,time,rate,Ca,TOC,q
1,0,0,0,100000,1,0,0.45,0.9,0.16,0.36,995,2.36,0,500,4,25,24,200,0,0,117.8
2,0,0,0,100000,1,0,0.45,0.9,0.16,0.31,797,2.27,1,500,4,25,24,200,0,0,158.2
3,0,0,0,300000,1,0,0.45,0.9,0.16,0.36,995,2.36,0,500,4,25,6,200,0,0,198.7536
4,0,0,0,300000,1,0,0.45,0.9,0.16,0.36,995,2.36,0,500,4,25,18,200,0,0,260.8641
5,0,0,0,300000,1,0,0.45,0.9,0.16,0.36,995,2.36,0,500,4,25,29,200,0,0,277.4269
6,0,0,0,300000,1,0,0.45,0.9,0.16,0.36,995,2.36,0,500,4,25,54,200,0,0,298.1304
7,0,0,0,300000,1,0,0.45,0.9,0.16,0.36,995,2.36,0,500,4,25,75,200,0,0,289.849
8,0,0,0,300000,1,0,0.45,0.9,0.16,0.36,995,2.36,0,500,4,25,100,200,0,0,306.4118
9,0,0,0,300000,1,0,0.45,0.9,0.16,0.36,995,2.36,0,500,4,25,150,200,0,0,322.9746
10,0,0,0,300000,1,0,0.45,0.9,0.16,0.36,995,2.36,0,500,4,25,190,200,0,0,310.5525
11,0,0,0,300000,1,0,0.45,0.9,0.16,0.36,995,2.36,0,500,4,25,235,200,0,0,310.5525
12,0,0,0,300000,1,0,0.45,0.9,0.16,0.36,995,2.36,0,500,4,25,285,200,0,0,314.6932
13,0,0,0,300000,1,0,0.45,0.9,0.16,0.36,995,2.36,0,500,4,25,340,200,0,0,314.6932
14,0,0,0,300000,1,0,0.45,0.9,0.16,0.36,995,2.36,0,500,4,25,384,200,0,0,318.8339
15,0,0,0,300000,1,0,0.45,0.9,0.16,0.31,797,2.27,1,500,4,25,6,200,0,0,244.3013
16,0,0,0,300000,1,0,0.45,0.9,0.16,0.31,797,2.27,1,500,4,25,18,200,0,0,327.1153
17,0,0,0,300000,1,0,0.45,0.9,0.16,0.31,797,2.27,1,500,4,25,29,200,0,0,347.8188
18,0,0,0,300000,1,0,0.45,0.9,0.16,0.31,797,2.27,1,500,4,25,54,200,0,0,356.1002
19,0,0,0,300000,1,0,0.45,0.9,0.16,0.31,797,2.27,1,500,4,25,75,200,0,0,364.3816
20,0,0,0,300000,1,0,0.45,0.9,0.16,0.31,797,2.27,1,500,4,25,100,200,0,0,364.3816
21,0,0,0,300000,1,0,0.45,0.9,0.16,0.31,797,2.27,1,500,4,25,150,200,0,0,364.3816
22,0,0,0,300000,1,0,0.45,0.9,0.16,0.31,797,2.27,1,500,4,25,190,200,0,0,356.1002
23,0,0,0,300000,1,0,0.45,0.9,0.16,0.31,797,2.27,1,500,4,25,235,200,0,0,351.9595
24,0,0,0,300000,1,0,0.45,0.9,0.16,0.31,797,2.27,1,500,4,25,285,200,0,0,360.2409
25,0,0,0,200000,1,0,0.45,0.9,0.16,0.36,995,2.36,0,500,4,25,150,200,0,0,298.1304
26,0,0,0,250000,1,0,0.45,0.9,0.16,0.36,995,2.36,0,500,4,25,150,200,0,0,335.3967
27,0,0,0,300000,1,0,0.45,0.9,0.16,0.36,995,2.36,0,500,4,25,150,200,0,0,376.8037
28,0,0,0,350000,1,0,0.45,0.9,0.16,0.36,995,2.36,0,500,4,25,150,200,0,0,438.9142
29,0,0,0,400000,1,0,0.45,0.9,0.16,0.36,995,2.36,0,500,4,25,150,200,0,0,463.7584
30,0,0,0,450000,1,0,0.45,0.9,0.16,0.36,995,2.36,0,500,4,25,150,200,0,0,480.3212
31,0,0,0,200000,1,0,0.45,0.9,0.16,0.31,797,2.27,1,500,4,25,150,200,0,0,256.7234
32,0,0,0,250000,1,0,0.45,0.9,0.16,0.31,797,2.27,1,500,4,25,150,200,0,0,293.9897
33,0,0,0,300000,1,0,0.45,0.9,0.16,0.31,797,2.27,1,500,4,25,150,200,0,0,310.5525
34,0,0,0,350000,1,0,0.45,0.9,0.16,0.31,797,2.27,1,500,4,25,150,200,0,0,364.3816
35,0,0,0,400000,1,0,0.45,0.9,0.16,0.31,797,2.27,1,500,4,25,150,200,0,0,351.9595
36,0,0,0,450000,1,0,0.45,0.9,0.16,0.31,797,2.27,1,500,4,25,150,200,0,0,389.2258
37,0,0,0,300000,1,0,0.45,0.9,0.16,0.36,995,2.36,0,500,3,25,150,200,0,0,414.07
38,0,0,0,300000,1,0,0.45,0.9,0.16,0.36,995,2.36,0,500,4,25,150,200,0,0,236.0199
39,0,0,0,300000,1,0,0.45,0.9,0.16,0.36,995,2.36,0,500,5,25,150,200,0,0,144.9245
40,0,0,0,300000,1,0,0.45,0.9,0.16,0.36,995,2.36,0,500,6.5,25,150,200,0,0,144.9245
41,0,0,0,300000,1,0,0.45,0.9,0.16,0.36,995,2.36,0,500,7.7,25,150,200,0,0,136.6431
42,0,0,0,300000,1,0,0.45,0.9,0.16,0.36,995,2.36,0,500,9.6,25,150,200,0,0,136.6431
43,0,0,0,300000,1,0,0.45,0.9,0.16,0.36,995,2.36,0,500,3,25,150,200,10,0,397.5072
44,0,0,0,300000,1,0,0.45,0.9,0.16,0.36,995,2.36,0,500,4,25,150,200,10,0,339.5374
45,0,0,0,300000,1,0,0.45,0.9,0.16,0.36,995,2.36,0,500,5,25,150,200,10,0,293.9897
46,0,0,0,300000,1,0,0.45,0.9,0.16,0.36,995,2.36,0,500,6.5,25,150,200,10,0,289.849
47,0,0,0,300000,1,0,0.45,0.9,0.16,0.36,995,2.36,0,500,7.7,25,150,200,10,0,285.7083
48,0,0,0,300000,1,0,0.45,0.9,0.16,0.36,995,2.36,0,500,9.6,25,150,200,10,0,281.5676
49,0,0,0,300000,1,0,0.45,0.9,0.16,0.31,797,2.27,1,500,3,25,150,200,0,0,405.7886
50,0,0,0,300000,1,0,0.45,0.9,0.16,0.31,797,2.27,1,500,4,25,150,200,0,0,265.0048
51,0,0,0,300000,1,0,0.45,0.9,0.16,0.31,797,2.27,1,500,5,25,150,200,0,0,178.0501
52,0,0,0,300000,1,0,0.45,0.9,0.16,0.31,797,2.27,1,500,6.5,25,150,200,0,0,169.7687
53,0,0,0,300000,1,0,0.45,0.9,0.16,0.31,797,2.27,1,500,7.7,25,150,200,0,0,165.628
54,0,0,0,300000,1,0,0.45,0.9,0.16,0.31,797,2.27,1,500,9.6,25,150,200,0,0,169.7687
55,0,0,0,300000,1,0,0.45,0.9,0.16,0.31,797,2.27,1,500,3,25,150,200,10,0,393.3665
56,0,0,0,300000,1,0,0.45,0.9,0.16,0.31,797,2.27,1,500,4,25,150,200,10,0,360.2409
57,0,0,0,300000,1,0,0.45,0.9,0.16,0.31,797,2.27,1,500,5,25,150,200,10,0,327.1153
58,0,0,0,300000,1,0,0.45,0.9,0.16,0.31,797,2.27,1,500,6.5,25,150,200,10,0,322.9746
59,0,0,0,300000,1,0,0.45,0.9,0.16,0.31,797,2.27,1,500,7.7,25,150,200,10,0,318.8339
60,0,0,0,300000,1,0,0.45,0.9,0.16,0.31,797,2.27,1,500,9.6,25,150,200,10,0,318.8339
61,0,0,0,81000,0,1,0.45,0.9,0.211662665,0.67,2450,2.359827518,0,100,5,25,1,175,0,0,115.9396
62,0,0,0,81000,0,1,0.45,0.9,0.211662665,0.67,2450,2.359827518,0,100,5,25,2,175,0,0,140.7838
63,0,0,0,81000,0,1,0.45,0.9,0.211662665,0.67,2450,2.359827518,0,100,5,25,4,175,0,0,169.7687
64,0,0,0,81000,0,1,0.45,0.9,0.211662665,0.67,2450,2.359827518,0,100,5,25,6,175,0,0,198.7536
65,0,0,0,81000,0,1,0.45,0.9,0.211662665,0.67,2450,2.359827518,0,100,5,25,8,175,0,0,223.5978
66,0,0,0,81000,0,1,0.45,0.9,0.211662665,0.67,2450,2.359827518,0,100,5,25,12,175,0,0,240.1606
67,0,0,0,81000,0,1,0.45,0.9,0.211662665,0.67,2450,2.359827518,0,100,5,25,25,175,0,0,256.7234
68,0,0,0,81000,0,1,0.45,0.9,0.211662665,0.67,2450,2.359827518,0,100,5,25,33,175,0,0,265.0048
69,0,0,0,81000,0,1,0.45,0.9,0.211662665,0.67,2450,2.359827518,0,100,5,25,48,175,0,0,273.2862
70,0,0,0,81000,0,1,0.45,0.9,0.211662665,0.67,2450,2.359827518,0,100,3,25,48,175,0,0,674.9341
71,0,0,0,81000,0,1,0.45,0.9,0.211662665,0.67,2450,2.359827518,0,100,4,25,48,175,0,0,563.1352
72,0,0,0,81000,0,1,0.45,0.9,0.211662665,0.67,2450,2.359827518,0,100,5,25,48,175,0,0,397.5072
73,0,0,0,81000,0,1,0.45,0.9,0.211662665,0.67,2450,2.359827518,0,100,6,25,48,175,0,0,331.256
74,0,0,0,81000,0,1,0.45,0.9,0.211662665,0.67,2450,2.359827518,0,100,7,25,48,175,0,0,314.6932
75,0,0,0,81000,0,1,0.45,0.9,0.211662665,0.67,2450,2.359827518,0,100,8,25,48,175,0,0,302.2711
76,0,0,0,81000,0,1,0.45,0.9,0.211662665,0.67,2450,2.359827518,0,100,9,25,48,175,0,0,293.9897
77,0,0,0,81000,0,1,0.45,0.9,0.211662665,0.67,2450,2.359827518,0,100,10,25,48,175,0,0,281.5676
78,0,0,0,20000,0,1,0.45,0.9,0.211662665,0.67,2450,2.359827518,0,100,5,25,48,175,0,0,169.7687
79,0,0,0,50000,0,1,0.45,0.9,0.211662665,0.67,2450,2.359827518,0,100,5,25,48,175,0,0,314.6932
80,0,0,0,100000,0,1,0.45,0.9,0.211662665,0.67,2450,2.359827518,0,100,5,25,48,175,0,0,360.2409
81,0,0,0,150000,0,1,0.45,0.9,0.211662665,0.67,2450,2.359827518,0,100,5,25,48,175,0,0,401.6479
82,0,0,0,200000,0,1,0.45,0.9,0.211662665,0.67,2450,2.359827518,0,100,5,25,48,175,0,0,422.3514
83,0,0,0,250000,0,1,0.45,0.9,0.211662665,0.67,2450,2.359827518,0,100,5,25,48,175,0,0,476.1805
84,0,0,0,50000,1,0,0.9,1,0.250492424,0.213117763,712,2.499833345,0,100,3,25,1,150,0,0,53.8291
85,0,0,0,50000,1,0,0.9,1,0.250492424,0.212724,712,2.499833345,0,100,3,25,6,150,0,0,78.6733
86,0,0,0,50000,1,0,0.9,1,0.250492424,0.212724,712,2.499833345,0,100,3,25,12,150,0,0,91.0954
87,0,0,0,50000,1,0,0.9,1,0.250492424,0.211151749,712,2.499833345,0,100,3,25,24,150,0,0,107.6582
88,0,0,0,50000,1,0,0.9,1,0.250492424,0.211151749,712,2.499833345,0,100,3,25,48,150,0,0,128.3617
89,0,0,0,50000,1,0,0.9,1,0.250492424,0.211151749,712,2.499833345,0,100,3,25,72,150,0,0,149.0652
90,0,0,0,50000,1,0,0.9,1,0.250492424,0.211151749,712,2.499833345,0,100,3,25,96,150,0,0,149.0652
91,0,0,0,50000,1,0,0.9,1,0.250492424,0.211151749,712,2.499833345,0,100,3,25,120,150,0,0,153.2059
92,0,0,0,50000,1,0,0.9,1,0.250492424,0.211151749,712,2.499833345,0,100,3,25,144,150,0,0,153.2059
93,0,0,0,50000,1,0,0.9,1,0.250492424,0.211151749,712,2.499833345,0,100,3,25,168,150,0,0,153.2059
94,0,0,0,50000,1,0,0.9,1,0.250492424,0.211151749,712,2.499833345,0,100,3,25,192,150,0,0,153.2059
95,0,0,0,50000,1,0,0.9,1,0.250492424,0.144321844,712,2.499833345,0,100,7,25,1,150,0,0,4.1407
96,0,0,0,50000,1,0,0.9,1,0.250492424,0.178447053,712,2.499833345,0,100,7,25,6,150,0,0,16.5628
97,0,0,0,50000,1,0,0.9,1,0.250492424,0.178447053,712,2.499833345,0,100,7,25,12,150,0,0,33.1256
98,0,0,0,50000,1,0,0.9,1,0.250492424,0.179733753,712,2.499833345,0,100,7,25,24,150,0,0,37.2663
99,0,0,0,50000,1,0,0.9,1,0.250492424,0.178454444,712,2.499833345,0,100,7,25,48,150,0,0,57.9698
100,0,0,0,50000,1,0,0.9,1,0.250492424,0.178060681,712,2.499833345,0,100,7,25,72,150,0,0,74.5326
101,0,0,0,50000,1,0,0.9,1,0.250492424,0.178060681,712,2.499833345,0,100,7,25,96,150,0,0,82.814
102,0,0,0,50000,1,0,0.9,1,0.250492424,0.178060681,712,2.499833345,0,100,7,25,120,150,0,0,91.0954
103,0,0,0,50000,1,0,0.9,1,0.250492424,0.178060681,712,2.499833345,0,100,7,25,144,150,0,0,95.2361
104,0,0,0,50000,1,0,0.9,1,0.250492424,0.178060681,712,2.499833345,0,100,7,25,168,150,0,0,99.3768
105,0,0,0,50000,1,0,0.9,1,0.250492424,0.178060681,712,2.499833345,0,100,7,25,192,150,0,0,99.3768
106,0,0,0,20000,1,0,0.9,1,0.250492424,0.180717304,712,2.499833345,0,100,5,25,168,150,0,0,74.5326
107,0,0,0,50000,1,0,0.9,1,0.250492424,0.178113326,712,2.499833345,0,100,5,25,168,150,0,0,99.3768
108,0,0,0,100000,1,0,0.9,1,0.250492424,0.17850709,712,2.499833345,0,100,5,25,168,150,0,0,111.7989
109,0,0,0,150000,1,0,0.9,1,0.250492424,0.179786399,712,2.499833345,0,100,5,25,168,150,0,0,132.5024
110,0,0,0,200000,1,0,0.9,1,0.250492424,0.179786399,712,2.499833345,0,100,5,25,168,150,0,0,144.9245
111,0,0,0,250000,1,0,0.9,1,0.250492424,0.179786399,712,2.499833345,0,100,5,25,168,150,0,0,144.9245
112,0,0,0,828.14,1,0,0.25,0.425,0.314636469,0.237870261,1119.189453,1.5,0,4,6.6,25,0,120,0,0,0
113,0,0,0,828.14,1,0,0.25,0.425,0.314636469,0.258119345,1119.189453,1.5,0,4,6.6,25,24,120,0,0,57.9698
114,0,0,0,828.14,1,0,0.25,0.425,0.314636469,0.258119345,1119.189453,1.5,0,4,6.6,25,72,120,0,0,86.9547
115,0,0,0,828.14,1,0,0.25,0.425,0.314636469,0.258072525,1119.189453,1.5,0,4,6.6,25,168,120,0,0,103.5175
116,0,0,0,828.14,1,0,0.25,0.425,0.314636469,0.258072525,1119.189453,1.5,0,4,6.6,25,336,120,0,0,136.6431
117,0,0,0,828.14,1,0,0.25,0.425,0.314636469,0.258072525,1119.189453,1.5,0,4,6.6,25,336,120,0,0,107.6582
118,0,0,0,828.14,1,0,0.25,0.425,0.314636469,0.258119345,1119.189453,1.5,0,4,6.6,25,336,120,0,0,99.3768
119,0,0,0,828.14,1,0,0.25,0.425,0.314636469,0.258119345,1119.189453,1.5,0,4,6.6,25,336,120,0,0,91.0954
120,0,0,0,828.14,1,0,0.25,0.425,0.314636469,0.258072525,1119.189453,1.5,0,4,6.6,25,336,120,50,0,115.9396
121,0,0,0,828.14,1,0,0.25,0.425,0.314636469,0.258119345,1119.189453,1.5,0,4,6.6,25,336,120,0,0,95.2361
122,0,0,0,1000,0,0,0.4,0.6,0.314636469,0.311000854,1067.68103,1.499926925,0,10,5.8,25,1,120,0,0,22.46278
123,0,0,0,1000,0,0,0.4,0.6,0.314636469,0.311000854,1067.68103,1.499926925,0,10,5.8,25,3,120,0,0,23.74579
124,0,0,0,1000,0,0,0.4,0.6,0.314636469,0.311000854,1067.68103,1.499926925,0,10,5.8,25,6,120,0,0,24.12969
125,0,0,0,1000,0,0,0.4,0.6,0.314636469,0.311000854,1067.68103,1.499926925,0,10,5.8,25,12,120,0,0,24.84696
126,0,0,0,1000,0,0,0.4,0.6,0.314636469,0.311000854,1067.68103,1.499926925,0,10,5.8,25,24,120,0,0,25.4127
127,0,0,0,1000,0,0,0.4,0.6,0.314636469,0.311000854,1067.68103,1.499926925,0,10,5.8,25,48,120,0,0,26.69572
128,0,0,0,1000,0,0,0.4,0.6,0.314636469,0.311000854,1067.68103,1.499926925,0,10,5.8,25,72,120,0,0,27.79689
129,0,0,0,1000,0,0,0.4,0.6,0.314636469,0.311000854,1067.68103,1.499926925,0,10,5.8,25,96,120,0,0,28.97
130,0,0,0,1000,0,0,0.4,0.6,0.314636469,0.311000854,1067.68103,1.499926925,0,10,5.8,25,120,120,0,0,30.55
131,0,0,1,2.5,1,0,0.55,0.75,0.318617821,0.203826249,1050,1.499926925,0,10000,7.5,25,0.25,250,0,0,0.00012875
132,0,0,1,2.5,1,0,0.55,0.75,0.318617821,0.203826249,1050,1.499926925,0,10000,7.5,25,0.25,250,0,2,0.000158925
133,0,0,1,2.5,1,0,0.55,0.75,0.318617821,0.203826249,1050,1.499926925,0,10000,7.5,25,0.25,250,0,4,0.000168
134,0,0,1,2.5,1,0,0.55,0.75,0.318617821,0.203826249,1050,1.499926925,0,10000,7.5,25,0.25,250,0,8,0.000163525
135,0,0,1,2.5,1,0,0.55,0.75,0.318617821,0.203826249,1050,1.499926925,0,10000,7.5,25,0.25,250,0,0,0.00012835
136,0,0,1,2.5,1,0,0.55,0.75,0.318617821,0.203826249,1050,1.499926925,0,10000,7.5,25,0.25,250,0,2,0.000158525
137,0,0,1,2.5,1,0,0.55,0.75,0.318617821,0.203826249,1050,1.499926925,0,10000,7.5,25,0.25,250,0,4,0.00020275
138,0,0,1,2.5,1,0,0.55,0.75,0.318617821,0.203826249,1050,1.499926925,0,10000,7.5,25,0.25,250,0,8,0.00021765
139,0,0,0,120000,0,1,0.6,0.85,0.314636469,0.639057338,2450,1.52012217,0,200,4,25,48,170,0.7,63.2,404.16
140,0,0,0,120000,1,0,0.6,0.85,0.314636469,0.270592153,1000,1.52012217,0,200,4,25,48,170,0.7,63.2,183.48
141,0,0,0,120000,0,1,0.6,0.85,0.314636469,0.638633549,2450,1.52012217,0,200,4,25,0.25,170,0.7,63.2,121.5626706
142,0,0,0,120000,0,1,0.6,0.85,0.314636469,0.638633549,2450,1.52012217,0,200,4,25,0.5,170,0.7,63.2,168.1621084
143,0,0,0,120000,0,1,0.6,0.85,0.314636469,0.638633549,2450,1.52012217,0,200,4,25,3.5,170,0.7,63.2,273.4973757
144,0,0,0,120000,0,1,0.6,0.85,0.314636469,0.639057338,2450,1.52012217,0,200,4,25,12.5,170,0.7,63.2,334.4401983
145,0,0,0,120000,0,1,0.6,0.85,0.314636469,0.639057338,2450,1.52012217,0,200,4,25,22.5,170,0.7,63.2,369.4580982
146,0,0,0,120000,0,1,0.6,0.85,0.314636469,0.639057338,2450,1.52012217,0,200,4,25,33.5,170,0.7,63.2,399.5154395
147,0,0,0,120000,0,1,0.6,0.85,0.314636469,0.639057338,2450,1.52012217,0,200,4,25,46,170,0.7,63.2,399.5154395
148,0,0,0,120000,0,1,0.6,0.85,0.314636469,0.639057338,2450,1.52012217,0,200,4,25,57.5,170,0.7,63.2,404.753425
149,0,0,0,120000,0,1,0.6,0.85,0.314636469,0.639057338,2450,1.52012217,0,200,4,25,69.5,170,0.7,63.2,402.5464319
150,0,0,0,120000,0,1,0.6,0.85,0.314636469,0.639057338,2450,1.52012217,0,200,4,25,81.5,170,0.7,63.2,406.6829912
151,0,0,0,120000,0,1,0.6,0.85,0.314636469,0.639104128,2450,1.52012217,0,100,4,25,48,170,0.7,63.2,398.4
152,0,0,0,120000,0,1,0.6,0.85,0.314636469,0.639057338,2450,1.52012217,0,200,4,25,48,170,0.7,63.2,407.4
153,0,0,0,120000,0,1,0.6,0.85,0.314636469,0.639057338,2450,1.52012217,0,300,4,25,48,170,0.7,63.2,356.48
154,0,0,0,120000,0,1,0.6,0.85,0.318617821,0.638172567,2450,1.52012217,0,500,4,25,48,170,0.7,63.2,231.84
155,0,0,0,120000,0,1,0.6,0.85,0.318617821,0.638172567,2450,1.52012217,0,700,4,25,48,170,0.7,63.2,168.8571429
156,0,0,0,120000,0,1,0.6,0.85,0.318617821,0.637876511,2450,1.52012217,0,1100,4,25,48,170,0.7,63.2,109.0909091
157,0,0,0,120000,0,1,0.6,0.85,0.318617821,0.637876511,2450,1.52012217,0,1500,4,25,48,170,0.7,63.2,80
158,0,0,0,120000,0,1,0.6,0.85,0.318617821,0.637876511,2450,1.52012217,0,1900,4,25,48,170,0.7,63.2,63.15789474
159,0,0,0,120000,0,1,0.6,0.85,0.314636469,0.63713187,2450,1.52012217,0,200,2,25,48,170,0.7,63.2,507.55302
160,0,0,0,120000,0,1,0.6,0.85,0.314636469,0.63713187,2450,1.52012217,0,200,3,25,48,170,0.7,63.2,459.20478
161,0,0,0,120000,0,1,0.6,0.85,0.314636469,0.639057338,2450,1.52012217,0,200,4,25,48,170,0.7,63.2,420.7911
162,0,0,0,120000,0,1,0.6,0.85,0.314636469,0.638755262,2450,1.52012217,0,200,5,25,48,170,0.7,63.2,407.21382
163,0,0,0,120000,0,1,0.6,0.85,0.314636469,0.638755262,2450,1.52012217,0,200,6,25,48,170,0.7,63.2,404.56464
164,0,0,0,120000,0,1,0.6,0.85,0.314636469,0.638702631,2450,1.52012217,0,200,7,25,48,170,0.7,63.2,404.56464
165,0,0,0,120000,0,1,0.6,0.85,0.314636469,0.638702631,2450,1.52012217,0,200,8,25,48,170,0.7,63.2,403.24002
166,0,0,0,120000,0,1,0.6,0.85,0.314636469,0.638702631,2450,1.52012217,0,200,9,25,48,170,0.7,63.2,400.92192
167,0,0,0,120000,0,1,0.6,0.85,0.314636469,0.639057338,2450,1.52012217,0,200,4,25,48,170,0.7,0,518.65242
168,0,0,0,120000,0,1,0.6,0.85,0.314636469,0.639057338,2450,1.52012217,0,200,4,25,48,170,0,0,345.0726
169,0,0,0,120000,0,1,0.6,0.85,0.314636469,0.639057338,2450,1.52012217,0,200,4,25,48,170,0,0,345.0726
170,0,0,0,120000,0,1,0.6,0.85,0.314636469,0.639057338,2450,1.52012217,0,200,4,25,48,170,0,0,332.09796
171,0,0,0,120000,0,1,0.6,0.85,0.314636469,0.63858676,2450,1.52012217,0,200,4,25,48,170,0,0,293.87532
172,0,0,0,120000,0,1,0.6,0.85,0.314636469,0.63858676,2450,1.52012217,0,200,4,25,48,170,0,0,292.82334
173,0,0,0,120000,0,1,0.6,0.85,0.314636469,0.639057338,2450,1.52012217,0,200,4,25,48,170,0.7,0,530.57508
174,0,0,0,120000,0,1,0.6,0.85,0.314636469,0.639057338,2450,1.52012217,0,200,4,25,48,170,0.7,63.2,405.73788
175,0,0,0,120000,0,1,0.6,0.85,0.314636469,0.639057338,2450,1.52012217,0,200,4,25,48,170,0,0,503.1609
176,0,0,0,120000,0,1,0.6,0.85,0.314636469,0.639057338,2450,1.52012217,0,200,4,25,48,170,0.7,63.2,405.55986
177,0,0,0,10000,1,0,0.85,0.83086139,0.222474471,0.22,593,1.39,0,25,4.5,20,24,120,0,0,18.296
178,0,0,0,10000,1,0,0.85,0.83086139,0.222474471,0.22,593,1.39,0,25,4.5,20,48,120,0,0,12.524
179,0,0,0,10000,1,0,0.85,0.83086139,0.222474471,0.22,593,1.39,0,25,4.5,20,72,120,0,0,33.1
180,0,0,0,10000,1,0,0.85,0.83086139,0.222474471,0.22,593,1.39,0,25,4.5,20,120,120,0,0,41.632
181,0,0,0,10000,1,0,0.85,0.83086139,0.222474471,0.22,593,1.39,0,25,4.5,20,168,120,0,0,35.108
182,0,0,0,10000,1,0,0.85,0.83086139,0.222474471,0.22,593,1.39,0,25,4.5,20,240,120,0,0,37.868
183,0,0,0,10000,1,0,0.85,0.83086139,0.222474471,0.22,593,1.39,0,50,4.5,20,24,120,0,0,27.84
184,0,0,0,10000,1,0,0.85,0.83086139,0.222474471,0.22,593,1.39,0,50,4.5,20,48,120,0,0,33.486
185,0,0,0,10000,1,0,0.85,0.83086139,0.222474471,0.22,593,1.39,0,50,4.5,20,72,120,0,0,24.076
186,0,0,0,10000,1,0,0.85,0.83086139,0.222474471,0.22,593,1.39,0,50,4.5,20,120,120,0,0,45.78
187,0,0,0,10000,1,0,0.85,0.83086139,0.222474471,0.22,593,1.39,0,50,4.5,20,168,120,0,0,31.604
188,0,0,0,10000,1,0,0.85,0.83086139,0.222474471,0.22,593,1.39,0,50,4.5,20,240,120,0,0,27.84
189,0,0,0,10000,1,0,0.85,0.83086139,0.222474471,0.22,593,1.39,0,100,4.5,20,24,120,0,0,16.555
190,0,0,0,10000,1,0,0.85,0.83086139,0.222474471,0.22,593,1.39,0,100,4.5,20,48,120,0,0,22.388
191,0,0,0,10000,1,0,0.85,0.83086139,0.222474471,0.22,593,1.39,0,100,4.5,20,72,120,0,0,20.068
192,0,0,0,10000,1,0,0.85,0.83086139,0.222474471,0.22,593,1.39,0,100,4.5,20,120,120,0,0,35.561
193,0,0,0,10000,1,0,0.85,0.83086139,0.222474471,0.22,593,1.39,0,100,4.5,20,168,120,0,0,35.122
194,0,0,0,10000,1,0,0.85,0.83086139,0.222474471,0.22,593,1.39,0,100,4.5,20,240,120,0,0,42.837
195,0,0,0,10000,1,0,0.85,0.83086139,0.222474471,0.22,593,1.39,0,200,4.5,20,24,120,0,0,16.244
196,0,0,0,10000,1,0,0.85,0.83086139,0.222474471,0.22,593,1.39,0,200,4.5,20,48,120,0,0,20.2585
197,0,0,0,10000,1,0,0.85,0.83086139,0.222474471,0.22,593,1.39,0,200,4.5,20,72,120,0,0,29.542
198,0,0,0,10000,1,0,0.85,0.83086139,0.222474471,0.22,593,1.39,0,200,4.5,20,120,120,0,0,31.0475
199,0,0,0,10000,1,0,0.85,0.83086139,0.222474471,0.22,593,1.39,0,200,4.5,20,168,120,0,0,36.5985
200,0,0,0,10000,1,0,0.85,0.83086139,0.222474471,0.22,593,1.39,0,200,4.5,20,240,120,0,0,35.752
201,0,0,0,10000,1,0,0.85,0.83086139,0.222474471,0.22,593,1.39,0,300,4.5,20,24,120,0,0,18.27266667
202,0,0,0,10000,1,0,0.85,0.83086139,0.222474471,0.22,593,1.39,0,300,4.5,20,48,120,0,0,19.29733333
203,0,0,0,10000,1,0,0.85,0.83086139,0.222474471,0.22,593,1.39,0,300,4.5,20,72,120,0,0,20.38466667
204,0,0,0,10000,1,0,0.85,0.83086139,0.222474471,0.22,593,1.39,0,300,4.5,20,120,120,0,0,27.28466667
205,0,0,0,10000,1,0,0.85,0.83086139,0.222474471,0.22,593,1.39,0,300,4.5,20,168,120,0,0,29.48
206,0,0,0,10000,1,0,0.85,0.83086139,0.222474471,0.22,593,1.39,0,300,4.5,20,240,120,0,0,30.421
207,0,0,0,10000,1,0,0.85,0.83086139,0.210048765,0.22,593,1.39,0,500,4.5,20,24,120,0,0,10.4994
208,0,0,0,10000,1,0,0.85,0.83086139,0.210048765,0.22,593,1.39,0,500,4.5,20,48,120,0,0,14.075
209,0,0,0,10000,1,0,0.85,0.83086139,0.210048765,0.22,593,1.39,0,500,4.5,20,72,120,0,0,17.6378
210,0,0,0,10000,1,0,0.85,0.83086139,0.210048765,0.22,593,1.39,0,500,4.5,20,120,120,0,0,18.905
211,0,0,0,10000,1,0,0.85,0.83086139,0.210048765,0.22,593,1.39,0,500,4.5,20,168,120,0,0,19.7078
212,0,0,0,10000,1,0,0.85,0.83086139,0.210048765,0.22,593,1.39,0,500,4.5,20,240,120,0,0,19.9462
213,0,0,0,10000,1,0,0.85,0.83086139,0.210048765,0.22,593,1.39,0,750,4.5,20,24,120,0,0,9.726133333
214,0,0,0,10000,1,0,0.85,0.83086139,0.210048765,0.22,593,1.39,0,750,4.5,20,48,120,0,0,11.9844
215,0,0,0,10000,1,0,0.85,0.83086139,0.210048765,0.22,593,1.39,0,750,4.5,20,72,120,0,0,13.04653333
216,0,0,0,10000,1,0,0.85,0.83086139,0.210048765,0.22,593,1.39,0,750,4.5,20,120,120,0,0,13.13853333
217,0,0,0,10000,1,0,0.85,0.83086139,0.210048765,0.22,593,1.39,0,750,4.5,20,168,120,0,0,13.33333333
218,0,0,0,10000,1,0,0.85,0.83086139,0.210048765,0.22,593,1.39,0,750,4.5,20,240,120,0,0,13.33333333
219,0,0,0,10000,1,0,0.85,0.83086139,0.210048765,0.22,593,1.39,0,1000,4.5,20,24,120,0,0,8.2356
220,0,0,0,10000,1,0,0.85,0.83086139,0.210048765,0.22,593,1.39,0,1000,4.5,20,48,120,0,0,9.4776
221,0,0,0,10000,1,0,0.85,0.83086139,0.210048765,0.22,593,1.39,0,1000,4.5,20,72,120,0,0,9.7347
222,0,0,0,10000,1,0,0.85,0.83086139,0.210048765,0.22,593,1.39,0,1000,4.5,20,120,120,0,0,9.948
223,0,0,0,10000,1,0,0.85,0.83086139,0.210048765,0.22,593,1.39,0,1000,4.5,20,168,120,0,0,10
224,0,0,0,10000,1,0,0.85,0.83086139,0.210048765,0.22,593,1.39,0,1000,4.5,20,240,120,0,0,10
225,0,0,0,10000,1,0,0.85,0.83086139,0.189834207,0.106,336,1.27,1,20000,9,20,240,120,0,0,0
226,0,0,0,10000,1,0,0.85,0.83086139,0.189834207,0.106,336,1.27,1,20000,9,20,240,120,0,0,0.019565
227,0,0,0,10000,1,0,0.85,0.83086139,0.189834207,0.106,336,1.27,1,20000,9,20,240,120,0,0,0.08247
228,0,0,0,10000,1,0,0.85,0.83086139,0.189834207,0.106,336,1.27,1,20000,9,20,240,120,0,0,0.09958
229,0,0,0,10000,1,0,0.85,0.83086139,0.189834207,0.106,336,1.27,1,20000,9,20,240,120,0,0,0.124025
230,0,0,0,10000,1,0,0.85,0.83086139,0.189834207,0.106,336,1.27,1,20000,9,20,240,120,0,0,0.156455
231,0,0,0,10000,1,0,0.85,0.83086139,0.189834207,0.106,336,1.27,1,20000,9,40,240,120,0,0,0
232,0,0,0,10000,1,0,0.85,0.83086139,0.189834207,0.106,336,1.27,1,20000,9,40,240,120,0,0,0.08762
233,0,0,0,10000,1,0,0.85,0.83086139,0.189834207,0.106,336,1.27,1,20000,9,40,240,120,0,0,0.147385
234,0,0,0,10000,1,0,0.85,0.83086139,0.189834207,0.106,336,1.27,1,20000,9,40,240,120,0,0,0.19315
235,0,0,0,10000,1,0,0.85,0.83086139,0.189834207,0.106,336,1.27,1,20000,9,40,240,120,0,0,0.21325
236,0,0,0,10000,1,0,0.85,0.83086139,0.189834207,0.106,336,1.27,1,20000,9,40,240,120,0,0,0.27445
237,0,0,0,10000,1,0,0.85,0.83086139,0.189834207,0.106,336,1.27,1,20000,9,60,240,120,0,0,0
238,0,0,0,10000,1,0,0.85,0.83086139,0.189834207,0.106,336,1.27,1,20000,9,60,240,120,0,0,0.241
239,0,0,0,10000,1,0,0.85,0.83086139,0.189834207,0.106,336,1.27,1,20000,9,60,240,120,0,0,0.323185
240,0,0,0,10000,1,0,0.85,0.83086139,0.189834207,0.106,336,1.27,1,20000,9,60,240,120,0,0,0.35996
241,0,0,0,10000,1,0,0.85,0.83086139,0.189834207,0.106,336,1.27,1,20000,9,60,240,120,0,0,0.39173
242,0,0,0,10000,1,0,0.85,0.83086139,0.189834207,0.106,336,1.27,1,20000,9,60,240,120,0,0,0.44353
243,0,0,0,1000000,0,0,0.512340009,0.989516497,0.283,0.154,887,2.410609961,0,400,9,25,0.25,300,0,0,210.16317
244,0,0,0,1000000,0,0,0.512340009,0.989516497,0.283,0.154,887,2.410609961,0,400,9,25,0.5,300,0,0,331.98381
245,0,0,0,1000000,0,0,0.512340009,0.989516497,0.283,0.154,887,2.410609961,0,400,9,25,1,300,0,0,502.86075
246,0,0,0,1000000,0,0,0.512340009,0.989516497,0.283,0.154,887,2.410609961,0,400,9,25,2,300,0,0,568.76616
247,0,0,0,1000000,0,0,0.512340009,0.989516497,0.283,0.154,887,2.410609961,0,400,9,25,3,300,0,0,603.50816
248,0,0,0,1000000,0,0,0.512340009,0.989516497,0.283,0.154,887,2.410609961,0,400,9,25,16,300,0,0,636.46087
249,0,0,0,1000000,0,0,0.512340009,0.989516497,0.283,0.154,887,2.410609961,0,400,9,25,30,300,0,0,590.0885
250,0,0,0,1000000,0,0,0.512340009,0.989516497,0.283,0.154,887,2.410609961,0,400,9,25,39,300,0,0,696.10378
251,0,0,0,1000000,0,0,0.512340009,0.989516497,0.283,0.154,887,2.410609961,0,400,9,25,48,300,0,0,668.22072
252,0,0,0,1000000,0,0,0.512340009,0.989516497,0.283,0.154,887,2.410609961,0,400,9,25,60,300,0,0,653.16088
253,0,0,0,1000000,0,0,0.512340009,0.989516497,0.283,0.154,887,2.410609961,0,400,9,25,96,300,0,0,711.31272
254,0,0,0,1000000,0,0,0.512340009,0.989516497,0.283,0.154,887,2.410609961,0,400,9,25,113,300,0,0,625.72514
255,0,0,0,1000000,0,0,0.512340009,0.989516497,0.283,0.154,887,2.410609961,0,400,9,25,120,300,0,0,670.45733
256,0,0,0,20000,0,0,0.512340009,0.989516497,0.283,0.154,887,2.410609961,0,400,9,25,48,300,0,0,4.86159
257,0,0,0,50000,0,0,0.512340009,0.989516497,0.283,0.154,887,2.410609961,0,400,9,25,48,300,0,0,66.04811
258,0,0,0,100000,0,0,0.512340009,0.989516497,0.283,0.154,887,2.410609961,0,400,9,25,48,300,0,0,168.36
259,0,0,0,250000,0,0,0.512340009,0.989516497,0.283,0.154,887,2.410609961,0,400,9,25,48,300,0,0,342.13975
260,0,0,0,350000,0,0,0.512340009,0.989516497,0.283,0.154,887,2.410609961,0,400,9,25,48,300,0,0,344.89816
261,0,0,0,650000,0,0,0.512340009,0.989516497,0.283,0.154,887,2.410609961,0,400,9,25,48,300,0,0,376.996
262,0,0,0,850000,0,0,0.512340009,0.989516497,0.283,0.154,887,2.410609961,0,400,9,25,48,300,0,0,474.54337
263,0,0,0,1000,0,0,0.1,0.3,0.314636469,0.165338159,757,1.39,0,50,7,25,0.5,150,0,0,3.120427379
264,0,0,0,1000,0,0,0.1,0.3,0.314636469,0.17764844,757,1.39,0,50,7,25,1,150,0,0,6.248390833
265,0,0,0,1000,0,0,0.1,0.3,0.314636469,0.17764844,757,1.39,0,50,7,25,2,150,0,0,8.088654556
266,0,0,0,1000,0,0,0.1,0.3,0.314636469,0.189005494,757,1.39,0,50,7,25,3,150,0,0,9.544528816
267,0,0,0,1000,0,0,0.1,0.3,0.314636469,0.188958675,757,1.39,0,50,7,25,6,150,0,0,11.47127934
268,0,0,0,1000,0,0,0.1,0.3,0.314636469,0.188958675,757,1.39,0,50,7,25,9,150,0,0,12.6052266
269,0,0,0,1000,0,0,0.1,0.3,0.314636469,0.188958675,757,1.39,0,50,7,25,12,150,0,0,12.73015152
270,0,0,0,1000,0,0,0.1,0.3,0.314636469,0.188958675,757,1.39,0,50,7,25,18,150,0,0,12.87429757
271,0,0,0,1000,0,0,0.1,0.3,0.314636469,0.188958675,757,1.39,0,50,7,25,24,150,0,0,12.76858964
272,0,0,0,1000,0,0,0.1,0.3,0.314636469,0.188958675,757,1.39,0,50,7,25,36,150,0,0,13.59502781
273,0,0,0,1000,0,0,0.1,0.3,0.314636469,0.188958675,757,1.39,0,50,7,25,48,150,0,0,12.8935187
274,0,0,0,1000,0,0,0.1,0.3,0.314636469,0.188958675,757,1.39,0,50,7,25,60,150,0,0,13.23466269
275,0,0,0,1000,0,0,0.1,0.3,0.314636469,0.188958675,757,1.39,0,50,7,25,72,150,0,0,13.37880874
276,0,0,0,200,0,0,0.1,0.3,0.314636469,0.165142283,757,1.39,0,50,7,25,144,150,0,0,3.337499436
277,0,0,0,400,0,0,0.1,0.3,0.314636469,0.177601621,757,1.39,0,50,7,25,144,150,0,0,6.791381527
278,0,0,0,600,0,0,0.1,0.3,0.314636469,0.188958675,757,1.39,0,50,7,25,144,150,0,0,9.859967342
279,0,0,0,800,0,0,0.1,0.3,0.314636469,0.188958675,757,1.39,0,50,7,25,144,150,0,0,12.59142565
280,0,0,0,1000,0,0,0.1,0.3,0.314636469,0.188891694,757,1.39,0,50,7,25,144,150,0,0,15.19903975
281,0,0,0,1000,0,0,0.1,0.3,0.314636469,0.215069205,757,1.39,0,50,2,25,72,150,0,0,18.44918284
282,0,0,0,1000,0,0,0.1,0.3,0.314636469,0.215069205,757,1.39,0,50,3,25,72,150,0,0,16.9919877
283,0,0,0,1000,0,0,0.1,0.3,0.314636469,0.18894434,757,1.39,0,50,5,25,72,150,0,0,15.84157287
284,0,0,0,1000,0,0,0.1,0.3,0.314636469,0.188891694,757,1.39,0,50,7,25,72,150,0,0,14.24195007
285,0,0,0,1000,0,0,0.1,0.3,0.314636469,0.188958675,757,1.39,0,50,9,25,72,150,0,0,13.19561589
286,0,0,0,100000,0,0,0.3,0.85,0.318617821,0.277017623,1191,1.52,0,600,5.8,25,0.08,165,0,0,52.5413423
287,0,0,0,100000,0,0,0.3,0.85,0.318617821,0.277017623,1191,1.52,0,600,5.8,25,0.17,165,0,0,49.1873753
288,0,0,0,100000,0,0,0.3,0.85,0.318617821,0.277029812,1191,1.52,0,600,5.8,25,0.33,165,0,0,50.3302085
289,0,0,0,100000,0,0,0.3,0.85,0.318617821,0.277029812,1191,1.52,0,600,5.8,25,0.67,165,0,0,58.8683319
290,0,0,0,100000,0,0,0.3,0.85,0.318617821,0.277029812,1191,1.52,0,600,5.8,25,1,165,0,0,61.1539983
291,0,0,0,100000,0,0,0.3,0.85,0.318617821,0.277029812,1191,1.52,0,600,5.8,25,3,165,0,0,74.8804188
292,0,0,0,100000,0,0,0.3,0.85,0.318617821,0.276982993,1191,1.52,0,600,5.8,25,20,165,0,0,96.5321391
293,0,0,0,100000,0,0,0.3,0.85,0.318617821,0.276982993,1191,1.52,0,600,5.8,25,24,165,0,0,97.6749723
294,0,0,0,100000,0,0,0.3,0.85,0.318617821,0.276982993,1191,1.52,0,600,5.8,25,48,165,0,0,104.0061026
295,0,0,0,100000,0,0,0.3,0.85,0.318617821,0.276982993,1191,1.52,0,600,5.8,25,96,165,0,0,114.2212095
296,0,0,0,200,0,1,0.144,2.15,0.36,0.1,929.56,2.23,0,666,7,25,0,250,0,0,0
297,0,0,0,200,0,1,0.144,2.15,0.36,0.1,929.56,2.23,0,666,7,25,1,250,0,0,0.06006006
298,0,0,0,200,0,1,0.144,2.15,0.36,0.1,929.56,2.23,0,666,7,25,2,250,0,0,0.12012012
299,0,0,0,200,0,1,0.144,2.15,0.36,0.1,929.56,2.23,0,666,7,25,3,250,0,0,0.153153153
300,0,0,0,200,0,1,0.144,2.15,0.36,0.1,929.56,2.23,0,666,7,25,4,250,0,0,0.192192192
301,0,0,0,200,0,1,0.144,2.15,0.36,0.1,929.56,2.23,0,666,7,25,6,250,0,0,0.24024024
302,0,0,0,200,0,1,0.144,2.15,0.36,0.1,929.56,2.23,0,666,7,25,8,250,0,0,0.276276276
303,0,0,0,200,0,1,0.144,2.15,0.36,0.1,929.56,2.23,0,666,7,25,12,250,0,0,0.291291291
304,0,0,0,200,0,1,0.144,2.15,0.36,0.1,929.56,2.23,0,666,7,25,24,250,0,0,0.3003003
305,0,0,0,200,0,1,0.599,2.22,0.23,0.11,595.08,2.5,0,666,7,25,0,250,0,0,0
306,0,0,0,200,0,1,0.599,2.22,0.23,0.11,595.08,2.5,0,666,7,25,1,250,0,0,0.008408408
307,0,0,0,200,0,1,0.599,2.22,0.23,0.11,595.08,2.5,0,666,7,25,2,250,0,0,0.003873874
308,0,0,0,200,0,1,0.599,2.22,0.23,0.11,595.08,2.5,0,666,7,25,3,250,0,0,0.005405405
309,0,0,0,200,0,1,0.599,2.22,0.23,0.11,595.08,2.5,0,666,7,25,4,250,0,0,0.006906907
310,0,0,0,200,0,1,0.599,2.22,0.23,0.11,595.08,2.5,0,666,7,25,6,250,0,0,0.008108108
311,0,0,0,200,0,1,0.599,2.22,0.23,0.11,595.08,2.5,0,666,7,25,8,250,0,0,0
312,0,0,0,200,0,1,0.599,2.22,0.23,0.11,595.08,2.5,0,666,7,25,12,250,0,0,0.008408408
313,0,0,0,200,1,0,0.489,1.64,0.21,0.18,770.76,2.41,0,666,7,25,24,250,0,0,0
314,0,0,0,200,1,0,0.489,1.64,0.21,0.18,770.76,2.41,0,666,7,25,0,250,0,0,0.000900901
315,0,0,0,200,1,0,0.489,1.64,0.21,0.18,770.76,2.41,0,666,7,25,1,250,0,0,0.007885886
316,0,0,0,200,1,0,0.489,1.64,0.21,0.18,770.76,2.41,0,666,7,25,2,250,0,0,0
317,0,0,0,200,1,0,0.489,1.64,0.21,0.18,770.76,2.41,0,666,7,25,3,250,0,0,0
318,0,0,0,200,1,0,0.489,1.64,0.21,0.18,770.76,2.41,0,666,7,25,4,250,0,0,0.00018018
319,0,0,0,200,1,0,0.489,1.64,0.21,0.18,770.76,2.41,0,666,7,25,6,250,0,0,0.005555556
320,0,0,0,200,1,0,0.489,1.64,0.21,0.18,770.76,2.41,0,666,7,25,8,250,0,0,0.019339339
321,0,0,0,200,1,0,0.489,1.64,0.21,0.18,770.76,2.41,0,666,7,25,12,250,0,0,0.022372372
322,0,0,0,200,1,0,0.489,1.64,0.21,0.18,770.76,2.41,0,666,7,25,24,250,0,0,0.033033033
323,0,0,0,200,0,1,0.522,1.02,0.14,0.1,522.66,2.53,0,666,7,25,0,250,0,0,0
324,0,0,0,200,0,1,0.522,1.02,0.14,0.1,522.66,2.53,0,666,7,25,1,250,0,0,0
325,0,0,0,200,0,1,0.522,1.02,0.14,0.1,522.66,2.53,0,666,7,25,2,250,0,0,0.004084084
326,0,0,0,200,0,1,0.522,1.02,0.14,0.1,522.66,2.53,0,666,7,25,3,250,0,0,0.004114114
327,0,0,0,200,0,1,0.522,1.02,0.14,0.1,522.66,2.53,0,666,7,25,4,250,0,0,0
328,0,0,0,200,0,1,0.522,1.02,0.14,0.1,522.66,2.53,0,666,7,25,6,250,0,0,0.003063063
329,0,0,0,200,0,1,0.522,1.02,0.14,0.1,522.66,2.53,0,666,7,25,8,250,0,0,0.004504505
330,0,0,0,200,0,1,0.522,1.02,0.14,0.1,522.66,2.53,0,666,7,25,12,250,0,0,0
331,0,0,0,200,0,1,0.522,1.02,0.14,0.1,522.66,2.53,0,666,7,25,24,250,0,0,0
332,0,0,0,200,0,1,0.144,2.15,0.36,0.1,929.56,2.23,0,666,7,25,24,250,0,0,0.29975976
333,0,0,0,200,0,1,0.144,2.15,0.36,0.1,929.56,2.23,0,666,7,25,24,250,0,0,0.138468468
334,0,0,0,200,0,1,0.144,2.15,0.36,0.1,929.56,2.23,0,666,7,25,24,250,0,0,0.213663664
335,0,0,0,200,0,1,0.144,2.15,0.36,0.1,929.56,2.23,0,666,7,25,24,250,0,0,0.16954955
336,0,0,0,200,0,1,0.144,2.15,0.36,0.1,929.56,2.23,0,666,3,25,24,250,0,0,0.282372372
337,0,0,0,200,0,1,0.144,2.15,0.36,0.1,929.56,2.23,0,666,5,25,24,250,0,0,0.280960961
338,0,0,0,200,0,1,0.144,2.15,0.36,0.1,929.56,2.23,0,666,7,25,24,250,0,0,0.213993994
339,0,0,0,200,0,1,0.144,2.15,0.36,0.1,929.56,2.23,0,666,9,25,24,250,0,0,0.242342342
340,0,0,0,33125,1,0,0,0.048,0.287830085,0.20389314,425,2.957845211,1,142.86,6.7,28,0.2,180,0,0,53.8291
341,0,0,0,33125,1,0,0,0.048,0.287830085,0.203312337,425,2.957845211,1,142.86,6.7,28,0.4,180,0,0,74.5326
342,0,0,0,33125,1,0,0,0.048,0.287830085,0.203312337,425,2.957845211,1,142.86,6.7,28,0.6,180,0,0,86.9547
343,0,0,0,33125,1,0,0,0.048,0.287830085,0.203312337,425,2.957845211,1,142.86,6.7,28,0.8,180,0,0,82.814
344,0,0,0,33125,1,0,0,0.048,0.287830085,0.203312337,425,2.957845211,1,142.86,6.7,28,1,180,0,0,86.9547
345,0,0,0,33125,1,0,0,0.048,0.287830085,0.203312337,425,2.957845211,1,142.86,6.7,28,2,180,0,0,95.2361
346,0,0,0,33125,1,0,0,0.048,0.287830085,0.203312337,425,2.957845211,1,142.86,6.7,28,3,180,0,0,86.9547
347,0,0,0,33125,1,0,0,0.048,0.287830085,0.203312337,425,2.957845211,1,142.86,6.7,28,4,180,0,0,91.0954
348,0,0,0,33125,1,0,0,0.048,0.287830085,0.203312337,425,2.957845211,1,142.86,6.7,28,6,180,0,0,95.2361
349,0,0,0,33125,1,0,0,0.048,0.287830085,0.203312337,425,2.957845211,1,142.86,6.7,28,12,180,0,0,103.5175
350,0,0,0,33125,1,0,0,0.048,0.287830085,0.203394413,425,2.957845211,1,142.86,6.7,28,24,180,0,0,103.5175
351,0,0,0,20000,1,0,0,0.048,0.287830085,0.203347594,425,2.957845211,1,142.86,6.7,28,24,180,0,0,95.2361
352,0,0,0,60000,1,0,0,0.048,0.287830085,0.203104034,425,2.957845211,1,142.86,6.7,28,24,180,0,0,186.3315
353,0,0,0,100000,1,0,0,0.048,0.287830085,0.203104034,425,2.957845211,1,142.86,6.7,28,24,180,0,0,211.1757
354,0,0,0,140000,1,0,0,0.048,0.287830085,0.203104034,425,2.957845211,1,142.86,6.7,28,24,180,0,0,248.442
355,0,0,0,180000,1,0,0,0.048,0.287830085,0.203104034,425,2.957845211,1,142.86,6.7,28,24,180,0,0,269.1455
356,0,0,0,220000,1,0,0,0.048,0.287830085,0.20325309,425,2.957845211,1,142.86,6.7,28,24,180,0,0,289.849
357,0,0,0,260000,1,0,0,0.048,0.287830085,0.20325309,425,2.957845211,1,142.86,6.7,28,24,180,0,0,302.2711
358,0,0,0,300000,1,0,0,0.048,0.287830085,0.20325309,425,2.957845211,1,142.86,6.7,28,24,180,0,0,322.9746
359,0,0,0,10000,0,0,0,0.15,0.31368655,0.257578701,1000,3.589503765,0,5000,6.7,25,0.17,120,0,0,1.67487
360,0,0,0,10000,0,0,0,0.15,0.31368655,0.256997913,1000,3.589503765,0,5000,6.7,25,0.33,120,0,0,1.84391
361,0,0,0,10000,0,0,0,0.15,0.31368655,0.256997913,1000,3.589503765,0,5000,6.7,25,0.5,120,0,0,1.88353
362,0,0,0,10000,0,0,0,0.15,0.31368655,0.254086763,1000,3.589503765,0,5000,6.7,25,1,120,0,0,1.93107
363,0,0,0,10000,0,0,0,0.15,0.31368655,0.254086763,1000,3.589503765,0,5000,6.7,25,2,120,0,0,1.94956
364,0,0,0,10000,0,0,0,0.15,0.31368655,0.254086763,1000,3.589503765,0,5000,6.7,25,4,120,0,0,1.96013
365,0,0,0,40000,0,0,0,0.15,0.31368655,0.270037979,1000,3.589503765,0,5000,6.7,25,0.17,120,0,0,7.14235
366,0,0,0,40000,0,0,0,0.15,0.31368655,0.266546041,1000,3.589503765,0,5000,6.7,25,0.33,120,0,0,7.83436
367,0,0,0,40000,0,0,0,0.15,0.31368655,0.266546041,1000,3.589503765,0,5000,6.7,25,0.5,120,0,0,7.88191
368,0,0,0,40000,0,0,0,0.15,0.31368655,0.266954988,1000,3.589503765,0,5000,6.7,25,1,120,0,0,7.96907
369,0,0,0,40000,0,0,0,0.15,0.31368655,0.26610896,1000,3.589503765,0,5000,6.7,25,2,120,0,0,7.98756
370,0,0,0,40000,0,0,0,0.15,0.31368655,0.26610896,1000,3.589503765,0,5000,6.7,25,4,120,0,0,7.98756
371,0,0,0,20000,0,0,0,0.15,0.298237026,0.281230003,1000,3.589503765,0,100,6.1,25,2,120,0,0,92.2
372,0,0,0,20000,0,0,0,0.15,0.31368655,0.281183183,1000,3.589503765,0,500,6.1,25,2,120,0,0,34.64384
373,0,0,0,20000,0,0,0,0.15,0.31368655,0.281183183,1000,3.589503765,0,1000,6.1,25,2,120,0,0,17.69714
374,0,0,0,20000,0,0,0,0.15,0.31368655,0.26989311,1000,3.589503765,0,2000,6.1,25,2,120,0,0,7.06484
375,0,0,0,20000,0,0,0,0.15,0.31368655,0.257433832,1000,3.589503765,0,5000,6.1,25,2,120,0,0,3.51299
376,0,0,0,20000,0,0,0,0.15,0.31368655,0.257433832,1000,3.589503765,0,10000,6.1,25,2,120,0,0,1.8
377,0,0,0,40000,0,0,0,0.15,0.31368655,0.277836114,1000,3.589503765,0,2500,6.7,50,2,120,0,0,15.48576
378,0,0,0,50000,1,0,0,0.1,0.298237026,0.230810836,812,3.589503765,0,100,3,25,0.17,150,0,0,153.2059
379,0,0,0,50000,1,0,0,0.1,0.298237026,0.230230033,812,3.589503765,0,100,3,25,0.5,150,0,0,198.7536
380,0,0,0,50000,1,0,0,0.1,0.298237026,0.230183214,812,3.589503765,0,100,3,25,1,150,0,0,256.7234
381,0,0,0,50000,1,0,0,0.1,0.298237026,0.230183214,812,3.589503765,0,100,3,25,2,150,0,0,289.849
382,0,0,0,50000,1,0,0,0.1,0.298237026,0.230183214,812,3.589503765,0,100,3,25,3,150,0,0,302.2711
383,0,0,0,50000,1,0,0,0.1,0.298237026,0.230183214,812,3.589503765,0,100,3,25,4,150,0,0,314.6932
384,0,0,0,50000,1,0,0,0.1,0.298237026,0.230183214,812,3.589503765,0,100,3,25,6,150,0,0,314.6932
385,0,0,0,50000,1,0,0,0.1,0.298237026,0.230183214,812,3.589503765,0,100,3,25,9,150,0,0,318.8339
386,0,0,0,50000,1,0,0,0.1,0.298237026,0.230183214,812,3.589503765,0,100,3,25,12,150,0,0,322.9746
387,0,0,0,50000,1,0,0,0.1,0.298237026,0.207204491,812,3.589503765,0,100,7,25,0.17,150,0,0,95.2361
388,0,0,0,50000,1,0,0,0.1,0.298237026,0.206623688,812,3.589503765,0,100,7,25,0.5,150,0,0,120.0803
389,0,0,0,50000,1,0,0,0.1,0.298237026,0.206623688,812,3.589503765,0,100,7,25,1,150,0,0,144.9245
390,0,0,0,50000,1,0,0,0.1,0.298237026,0.206623688,812,3.589503765,0,100,7,25,2,150,0,0,149.0652
391,0,0,0,50000,1,0,0,0.1,0.298237026,0.206623688,812,3.589503765,0,100,7,25,3,150,0,0,161.4873
392,0,0,0,50000,1,0,0,0.1,0.298237026,0.206623688,812,3.589503765,0,100,7,25,4,150,0,0,165.628
393,0,0,0,50000,1,0,0,0.1,0.298237026,0.206623688,812,3.589503765,0,100,7,25,6,150,0,0,173.9094
394,0,0,0,50000,1,0,0,0.1,0.298237026,0.206623688,812,3.589503765,0,100,7,25,9,150,0,0,178.0501
395,0,0,0,50000,1,0,0,0.1,0.298237026,0.206623688,812,3.589503765,0,100,7,25,12,150,0,0,173.9094
396,0,0,0,20000,1,0,0,0.1,0.298237026,0.207303151,812,3.589503765,0,100,5,25,12,150,0,0,157.3466
397,0,0,0,50000,1,0,0,0.1,0.298237026,0.207059592,812,3.589503765,0,100,5,25,12,150,0,0,202.8943
398,0,0,0,100000,1,0,0,0.1,0.298237026,0.20508039,812,3.589503765,0,100,5,25,12,150,0,0,240.1606
399,0,0,0,150000,1,0,0,0.1,0.298237026,0.20508039,812,3.589503765,0,100,5,25,12,150,0,0,248.442
400,0,0,0,200000,1,0,0,0.1,0.298237026,0.20508039,812,3.589503765,0,100,5,25,12,150,0,0,252.5827
401,0,0,0,250000,1,0,0,0.1,0.298237026,0.20508039,812,3.589503765,0,100,5,25,12,150,0,0,289.849
402,0,0,0,100000,0,0,0,0.045,0.318617821,0.187897056,825,1.62,0,600,6.7,25,0.08,165,0,0,93.7123224
403,0,0,0,100000,0,0,0,0.045,0.318617821,0.187897056,825,1.62,0,600,6.7,25,0.17,165,0,0,89.4432607
404,0,0,0,100000,0,0,0,0.045,0.318617821,0.187316254,825,1.62,0,600,6.7,25,0.33,165,0,0,91.9566656
405,0,0,0,100000,0,0,0,0.045,0.318617821,0.187316254,825,1.62,0,600,6.7,25,0.67,165,0,0,94.2464727
406,0,0,0,100000,0,0,0,0.045,0.318617821,0.187316254,825,1.62,0,600,6.7,25,1,165,0,0,94.0145935
407,0,0,0,100000,0,0,0,0.045,0.318617821,0.187316254,825,1.62,0,600,6.7,25,3,165,0,0,105.1489358
408,0,0,0,100000,0,0,0,0.045,0.318617821,0.187316254,825,1.62,0,600,6.7,25,20,165,0,0,102.5568576
409,0,0,0,100000,0,0,0,0.045,0.318617821,0.187316254,825,1.62,0,600,6.7,25,24,165,0,0,103.0910079
410,0,0,0,100000,0,0,0,0.045,0.318617821,0.187316254,825,1.62,0,600,6.7,25,48,165,0,0,101.944034
411,0,0,0,100000,0,0,0,0.045,0.318617821,0.187316254,825,1.62,0,600,6.7,25,96,165,0,0,112.0100757
412,0,0,0,200,0,1,0.006,0.149,0.18,0.15,659.22,2.37,0,666,7,25,0,250,0,0,0
413,0,0,0,200,0,1,0.006,0.149,0.18,0.15,659.22,2.37,0,666,7,25,1,250,0,0,0.3003003
414,0,0,0,200,0,1,0.006,0.149,0.18,0.15,659.22,2.37,0,666,7,25,2,250,0,0,0.297297297
415,0,0,0,200,0,1,0.006,0.149,0.18,0.15,659.22,2.37,0,666,7,25,3,250,0,0,0.3003003
416,0,0,0,200,0,1,0.006,0.149,0.18,0.15,659.22,2.37,0,666,7,25,4,250,0,0,0.3003003
417,0,0,0,200,0,1,0.006,0.149,0.18,0.15,659.22,2.37,0,666,7,25,6,250,0,0,0.3003003
418,0,0,0,200,0,1,0.006,0.149,0.18,0.15,659.22,2.37,0,666,7,25,8,250,0,0,0.3003003
419,0,0,0,200,0,1,0.006,0.149,0.18,0.15,659.22,2.37,0,666,7,25,12,250,0,0,0.3003003
420,0,0,0,200,0,1,0.006,0.149,0.18,0.15,659.22,2.37,0,666,7,25,24,250,0,0,0.3003003
421,0,0,0,200,1,0,0.012,0.26,0.11,0.22,407.11,3.55,0,666,7,25,0,250,0,0,0
422,0,0,0,200,1,0,0.012,0.26,0.11,0.22,407.11,3.55,0,666,7,25,1,250,0,0,0.278078078
423,0,0,0,200,1,0,0.012,0.26,0.11,0.22,407.11,3.55,0,666,7,25,2,250,0,0,0.289489489
424,0,0,0,200,1,0,0.012,0.26,0.11,0.22,407.11,3.55,0,666,7,25,3,250,0,0,0.292612613
425,0,0,0,200,1,0,0.012,0.26,0.11,0.22,407.11,3.55,0,666,7,25,4,250,0,0,0.293393393
426,0,0,0,200,1,0,0.012,0.26,0.11,0.22,407.11,3.55,0,666,7,25,6,250,0,0,0.3003003
427,0,0,0,200,1,0,0.012,0.26,0.11,0.22,407.11,3.55,0,666,7,25,8,250,0,0,0.3003003
428,0,0,0,200,1,0,0.012,0.26,0.11,0.22,407.11,3.55,0,666,7,25,12,250,0,0,0.3003003
429,0,0,0,200,1,0,0.012,0.26,0.11,0.22,407.11,3.55,0,666,7,25,24,250,0,0,0.3003003
430,0,0,0,200,1,0,0.012,0.26,0.11,0.22,407.11,3.55,0,666,7,25,0,250,0,0,0
431,0,0,0,200,0,1,0.009,0.158,0.16,0.54,734.72,4.12,0,666,7,25,1,250,0,0,0.263435435
432,0,0,0,200,0,1,0.009,0.158,0.16,0.54,734.72,4.12,0,666,7,25,2,250,0,0,0.272582583
433,0,0,0,200,0,1,0.009,0.158,0.16,0.54,734.72,4.12,0,666,7,25,3,250,0,0,0.280423423
434,0,0,0,200,0,1,0.009,0.158,0.16,0.54,734.72,4.12,0,666,7,25,4,250,0,0,0.251414414
435,0,0,0,200,0,1,0.009,0.158,0.16,0.54,734.72,4.12,0,666,7,25,6,250,0,0,0.2853003
436,0,0,0,200,0,1,0.009,0.158,0.16,0.54,734.72,4.12,0,666,7,25,8,250,0,0,0.281381381
437,0,0,0,200,0,1,0.009,0.158,0.16,0.54,734.72,4.12,0,666,7,25,12,250,0,0,0.279813814
438,0,0,0,200,0,1,0.009,0.158,0.16,0.54,734.72,4.12,0,666,7,25,24,250,0,0,0.286954955
439,0,0,0,200,0,1,0.009,0.158,0.16,0.54,734.72,4.12,0,666,7,25,0,250,0,0,0
440,0,0,0,200,0,1,0.01,0.254,0.33,0.76,1215.06,3.82,0,666,7,25,1,250,0,0,0.112
441,0,0,0,200,0,1,0.01,0.254,0.33,0.76,1215.06,3.82,0,666,7,25,2,250,0,0,0.113291291
442,0,0,0,200,0,1,0.01,0.254,0.33,0.76,1215.06,3.82,0,666,7,25,3,250,0,0,0.114837838
443,0,0,0,200,0,1,0.01,0.254,0.33,0.76,1215.06,3.82,0,666,7,25,4,250,0,0,0.113891892
444,0,0,0,200,0,1,0.01,0.254,0.33,0.76,1215.06,3.82,0,666,7,25,6,250,0,0,0.123258258
445,0,0,0,200,0,1,0.01,0.254,0.33,0.76,1215.06,3.82,0,666,7,25,8,250,0,0,0.128672673
446,0,0,0,200,0,1,0.01,0.254,0.33,0.76,1215.06,3.82,0,666,7,25,12,250,0,0,0.133228228
447,0,0,0,200,0,1,0.01,0.254,0.33,0.76,1215.06,3.82,0,666,7,25,24,250,0,0,0.133570571
448,0,0,0,200,0,1,0.006,0.149,0.18,0.15,659.22,2.37,0,666,7,25,24,250,0,0,0.298498498
449,0,0,0,200,0,1,0.006,0.149,0.18,0.15,659.22,2.37,0,666,7,25,24,250,0,0,0.284054054
450,0,0,0,200,0,1,0.006,0.149,0.18,0.15,659.22,2.37,0,666,7,25,24,250,0,0,0.292342342
451,0,0,0,200,0,1,0.006,0.149,0.18,0.15,659.22,2.37,0,666,7,25,24,250,0,0,0.287717718
452,0,0,0,200,0,1,0.012,0.26,0.11,0.22,407.11,3.55,0,666,7,25,24,250,0,0,0.298708709
453,0,0,0,200,0,1,0.012,0.26,0.11,0.22,407.11,3.55,0,666,7,25,24,250,0,0,0.292072072
454,0,0,0,200,0,1,0.012,0.26,0.11,0.22,407.11,3.55,0,666,7,25,24,250,0,0,0.287567568
455,0,0,0,200,0,1,0.012,0.26,0.11,0.22,407.11,3.55,0,666,7,25,24,250,0,0,0.284414414
456,0,0,0,200,0,1,0.006,0.149,0.18,0.15,659.22,2.37,0,666,3,25,24,250,0,0,0.241411411
457,0,0,0,200,0,1,0.006,0.149,0.18,0.15,659.22,2.37,0,666,5,25,24,250,0,0,0.274414414
458,0,0,0,200,0,1,0.006,0.149,0.18,0.15,659.22,2.37,0,666,7,25,24,250,0,0,0.294204204
459,0,0,0,200,0,1,0.006,0.149,0.18,0.15,659.22,2.37,0,666,9,25,24,250,0,0,0.242102102
460,0,0,0,200,1,0,0.012,0.26,0.11,0.22,407.11,3.55,0,666,3,25,24,250,0,0,0.20039039
461,0,0,0,200,1,0,0.012,0.26,0.11,0.22,407.11,3.55,0,666,5,25,24,250,0,0,0.255555556
462,0,0,0,200,1,0,0.012,0.26,0.11,0.22,407.11,3.55,0,666,7,25,24,250,0,0,0.288288288
463,0,0,0,200,1,0,0.012,0.26,0.11,0.22,407.11,3.55,0,666,9,25,24,250,0,0,0.263663664
464,0,0,0,100,1,0,0,0.0503,0.298237026,0.378506869,791,3.82,0,70,7,22,0.08,150,0,0,1.149648792
465,0,0,0,100,1,0,0,0.0503,0.298237026,0.377926081,791,3.82,0,70,7,22,0.3514,150,0,0,1.183842693
466,0,0,0,100,1,0,0,0.0503,0.298237026,0.377926081,791,3.82,0,70,7,22,1,150,0,0,1.194550543
467,0,0,0,100,1,0,0,0.0503,0.298237026,0.377926081,791,3.82,0,70,7,22,3,150,0,0,1.196198542
468,0,0,0,100,1,0,0,0.0503,0.298237026,0.377926081,791,3.82,0,70,7,22,8,150,0,0,1.192902544
469,0,0,0,100,1,0,0,0.0503,0.298237026,0.377926081,791,3.82,0,70,7,22,12,150,0,0,1.194550543
470,0,0,0,100,1,0,0,0.0503,0.298237026,0.377926081,791,3.82,0,70,7,22,24,150,0,0,1.200728467
471,0,0,0,100,1,0,0,0.0503,0.298237026,0.377926081,791,3.82,0,70,7,22,48,150,0,0,1.199080469
472,0,0,0,1000,1,0,0,0.0503,0.298237026,0.377926081,791,3.82,0,220,7,22,24,150,0,0,4.1407
473,0,0,0,10000,1,0,0,0.0503,0.298237026,0.387014955,791,3.82,0,220,7,22,24,150,0,0,43.50204928
474,0,0,0,20000,1,0,0,0.0503,0.298237026,0.387541622,791,3.82,0,220,7,22,24,150,0,0,85.42041744
475,0,0,0,50000,1,0,0,0.0503,0.298237026,0.387251228,791,3.82,0,220,7,22,24,150,0,0,143.7886811
476,0,0,0,75000,1,0,0,0.0503,0.298237026,0.387298048,791,3.82,0,220,7,22,24,150,0,0,157.5690757
477,0,0,0,100000,1,0,0,0.0503,0.298237026,0.385318846,791,3.82,0,220,7,22,24,150,0,0,175.461943
478,0,0,0,100,1,0,0,0.0503,0.298237026,0.398488849,791,3.82,0,70,3,22,24,150,0,0,1.425401429
479,0,0,0,100,1,0,0,0.0503,0.298237026,0.374472171,791,3.82,0,70,6,22,24,150,0,0,1.418618286
480,0,0,0,100,1,0,0,0.0503,0.298237026,0.374287993,791,3.82,0,70,11,22,24,150,0,0,1.422902429
481,0,0,0,100000,1,0,0,0.1,0.298237026,0.20544517,689.2813721,2.695209503,0,100,5,25,3,180,0,0,131.0821399
482,0,0,0,100000,1,0,0,0.1,0.298237026,0.20544517,689.2813721,2.695209503,0,100,5,25,5,180,0,0,137.4588179
483,0,0,0,100000,1,0,0,0.1,0.298237026,0.20544517,689.2813721,2.695209503,0,100,5,25,14,180,0,0,193.2133434
484,0,0,0,100000,1,0,0,0.1,0.298237026,0.20537819,689.3823853,2.695209503,0,100,5,25,18,180,0,0,203.3539177
485,0,0,0,100000,1,0,0,0.1,0.298237026,0.20537819,689.3823853,2.695209503,0,100,5,25,24,180,0,0,205.0433233
486,0,0,0,100000,1,0,0,0.1,0.298237026,0.20537819,689.3823853,2.695209503,0,100,5,25,36,180,0,0,203.5816562
487,0,0,0,100000,1,0,0,0.1,0.298237026,0.20537819,689.3823853,2.695209503,0,100,5,25,48,180,0,0,206.5008497
488,0,0,0,100000,1,0,0,0.1,0.298237026,0.20537819,689.3823853,2.695209503,0,100,5,25,63,180,0,0,203.5816562
489,0,0,0,100000,1,0,0,0.1,0.298237026,0.20537819,691.2910156,2.695209503,0,100,5,25,75,180,0,0,201.8922506
490,0,0,0,100000,1,0,0,0.1,0.298237026,0.20537819,692.8971558,2.695209503,0,100,5,25,120,180,0,0,201.5858388
491,0,0,0,100000,1,0,0,0.1,0.298237026,0.20537819,692.8971558,2.695209503,0,100,5,25,144,180,0,0,204.1986205
492,0,0,0,20000,1,0,0,0.1,0.298237026,0.205621749,693.5698242,2.695209503,0,100,5,25,18.5,180,0,0,140.1419915
493,0,0,0,50000,1,0,0,0.1,0.298237026,0.20537819,690.1775513,2.695209503,0,100,5,25,18.5,180,0,0,169.2138462
494,0,0,0,100000,1,0,0,0.1,0.298237026,0.205527246,689.2813721,2.695209503,0,100,5,25,18.5,180,0,0,186.1741534
495,0,0,0,150000,1,0,0,0.1,0.298237026,0.205527246,689.2813721,2.695209503,0,100,5,25,18.5,180,0,0,193.743353
496,0,0,0,200000,1,0,0,0.1,0.298237026,0.207200319,689.2813721,2.695209503,0,100,5,25,18.5,180,0,0,196.1408183
497,0,0,0,250000,1,0,0,0.1,0.298237026,0.207200319,689.3823853,2.695209503,0,100,5,25,18.5,180,0,0,205.0930117
498,0,0,0,300000,1,0,0,0.1,0.298237026,0.207200319,689.3823853,2.695209503,0,100,5,25,18.5,180,0,0,207.490477
499,0,0,0,100000,1,0,0,0.1,0.298237026,0.227043331,690.9108887,2.695209503,0,100,2,25,18.5,180,0,0,282.1514387
500,0,0,0,100000,1,0,0,0.1,0.298237026,0.227043331,689.3823853,2.695209503,0,100,3,25,18.5,180,0,0,258.5991371
501,0,0,0,100000,1,0,0,0.1,0.298237026,0.205527246,689.2813721,2.695209503,0,100,5,25,18.5,180,0,0,173.2137624
502,0,0,0,100000,1,0,0,0.1,0.298237026,0.205091342,691.3213501,2.695209503,0,100,7,25,18.5,180,0,0,158.9656137
503,0,0,0,100000,1,0,0,0.1,0.298237026,0.205091342,691.3213501,2.695209503,0,100,9,25,18.5,180,0,0,160.3900145
504,0,0,0,100000,1,0,0,0.1,0.298237026,0.205091342,691.3213501,2.695209503,0,100,10,25,18.5,180,0,0,137.9764054
505,0,1,0,0.1,1,0,0.5,1,0.292336017,0.238274887,1014,3.589503765,0,10,8.3,22,0,160,0,3.52,0
506,0,1,0,0.1,1,0,0.5,1,0.292336017,0.238212407,1014,3.589503765,0,10,8.3,22,0.5,160,0,3.52,0.00331226
507,0,1,0,0.1,1,0,0.5,1,0.292336017,0.238212407,1014,3.589503765,0,10,8.3,22,1,160,0,3.52,0.00347777
508,0,1,0,0.1,1,0,0.5,1,0.292336017,0.238212407,1014,3.589503765,0,10,8.3,22,2,160,0,3.52,0.00371315
509,0,1,0,0.1,1,0,0.5,1,0.292336017,0.238212407,1014,3.589503765,0,10,8.3,22,4,160,0,3.52,0.00395405
510,0,1,0,0.1,1,0,0.5,1,0.292336017,0.238212407,1014,3.589503765,0,10,8.3,22,6,160,0,3.52,0.00399451
511,0,1,0,0.1,1,0,0.5,1,0.292336017,0.238212407,1014,3.589503765,0,10,8.3,22,8,160,0,3.52,0.00407175
512,0,1,0,0.1,1,0,0.5,1,0.292336017,0.238274887,1014,3.589503765,0,30,8.3,22,0,160,0,3.52,0
513,0,1,0,0.1,1,0,0.5,1,0.292336017,0.238165587,1014,3.589503765,0,30,8.3,22,0.5,160,0,3.52,0.00215809
514,0,1,0,0.1,1,0,0.5,1,0.292336017,0.238165587,1014,3.589503765,0,30,8.3,22,1,160,0,3.52,0.00247382
515,0,1,0,0.1,1,0,0.5,1,0.292336017,0.238165587,1014,3.589503765,0,30,8.3,22,2,160,0,3.52,0.00266879
516,0,1,0,0.1,1,0,0.5,1,0.292336017,0.238165587,1014,3.589503765,0,30,8.3,22,4,160,0,3.52,0.00282277
517,0,1,0,0.1,1,0,0.5,1,0.292336017,0.238165587,1014,3.589503765,0,30,8.3,22,6,160,0,3.52,0.00283939
518,0,1,0,0.1,1,0,0.5,1,0.292336017,0.238165587,1014,3.589503765,0,30,8.3,22,8,160,0,3.52,0.00286819
519,0,1,0,0.1,1,0,0.5,1,0.292336017,0.238274887,1014,3.589503765,0,50,8.3,22,0,160,0,3.52,0
520,0,1,0,0.1,1,0,0.5,1,0.292336017,0.238165587,1014,3.589503765,0,50,8.3,22,0.5,160,0,3.52,0.00171155
521,0,1,0,0.1,1,0,0.5,1,0.292336017,0.238165587,1014,3.589503765,0,50,8.3,22,1,160,0,3.52,0.00185023
522,0,1,0,0.1,1,0,0.5,1,0.292336017,0.234388247,1014,3.589503765,0,50,8.3,22,2,160,0,3.52,0.0019492
523,0,1,0,0.1,1,0,0.5,1,0.292336017,0.234388247,1014,3.589503765,0,50,8.3,22,4,160,0,3.52,0.00196523
524,0,1,0,0.1,1,0,0.5,1,0.292336017,0.234388247,1014,3.589503765,0,50,8.3,22,6,160,0,3.52,0.00197289
525,0,1,0,0.1,1,0,0.5,1,0.292336017,0.234388247,1014,3.589503765,0,50,8.3,22,8,160,0,3.52,0.00197568
526,0,1,0,0.1,1,0,0.5,1,0.292336017,0.238274887,1014,3.589503765,0,100,8.3,22,0,160,0,3.52,0
527,0,1,0,0.1,1,0,0.5,1,0.292336017,0.234388247,1014,3.589503765,0,100,8.3,22,0.5,160,0,3.52,0.00099313
528,0,1,0,0.1,1,0,0.5,1,0.292336017,0.234714106,1014,3.589503765,0,100,8.3,22,1,160,0,3.52,0.00099708
529,0,1,0,0.1,1,0,0.5,1,0.292336017,0.234714106,1014,3.589503765,0,100,8.3,22,2,160,0,3.52,0.00099807
530,0,1,0,0.1,1,0,0.5,1,0.292336017,0.234714106,1014,3.589503765,0,100,8.3,22,4,160,0,3.52,0.00099807
531,0,1,0,0.1,1,0,0.5,1,0.292336017,0.233868092,1014,3.589503765,0,100,8.3,22,6,160,0,3.52,0.001
532,0,1,0,0.1,1,0,0.5,1,0.292336017,0.234714106,1014,3.589503765,0,100,8.3,22,8,160,0,3.52,0.00099807
533,0,0,0,0.1,0,0,0,0.155326933,0.298237026,0.156538725,789.0280762,3.589503765,0,100,6.7,25,48,120,0,0,0.000968733
534,0,0,0,0.1,0,0,0,0.157390192,0.287830085,0.14801693,493,2.695209503,1,100,6.7,25,48,120,0,0,0.000965062
535,0,0,0,0.1,0,0,0,0.157390192,0.287830085,0.14801693,493,2.695209503,1,100,6.7,25,48,120,0,0,0.000972739
536,0,0,0,0.1,0,0,0,0.157390192,0.287830085,0.150928065,493,2.695209503,1,100,6.7,25,48,120,0,0,0.000935019
537,0,0,0,0.1,0,0,0,0.155326933,0.287830085,0.150928065,487.0326538,2.695209503,1,100,6.7,25,48,120,0,0,0.000904977
538,0,0,0,0.1,0,0,0,0.155326933,0.287830085,0.14801693,483.6467285,2.695209503,1,100,6.7,25,48,120,0,0,0.000980083
539,0,0,0,0.1,0,0,0,0.155326933,0.287830085,0.14801693,484.4443359,2.695209503,1,100,6.7,25,48,120,0,0,0.00098776
540,0,0,0,10,0,0,0,0.155326933,0.298237026,0.156015277,811.5183105,3.589503765,0,100,6.7,25,2,120,0,0,0.09902878
541,0,0,0,10,0,0,0,0.155326933,0.298237026,0.156015277,811.5183105,3.589503765,0,100,6.7,25,4,120,0,0,0.0984915
542,0,0,0,10,0,0,0,0.155326933,0.298237026,0.156015277,811.5183105,3.589503765,0,100,6.7,25,8,120,0,0,0.09858105
543,0,0,0,10,0,0,0,0.157390192,0.287830085,0.147411406,493,2.695209503,1,100,6.7,25,2,120,0,0,0.09792437
544,0,0,0,10,0,0,0,0.157390192,0.287830085,0.147411406,493,2.695209503,1,100,6.7,25,4,120,0,0,0.09813332
545,0,0,0,10,0,0,0,0.157390192,0.287830085,0.147411406,493,2.695209503,1,100,6.7,25,8,120,0,0,0.09938697
546,0,0,0,200,0,0,0,0.045,0.31368655,0.159841731,751.9,2.8,0,1000,6.85,22,0,160,0,0,0
547,0,0,0,200,0,0,0,0.045,0.31368655,0.159224227,751.9,2.8,0,1000,6.85,22,0.083,160,0,0,0.05225
548,0,0,0,200,0,0,0,0.045,0.31368655,0.158119977,751.9,2.8,0,1000,6.85,22,0.25,160,0,0,0.06201
549,0,0,0,200,0,0,0,0.045,0.31368655,0.158119977,751.9,2.8,0,1000,6.85,22,1,160,0,0,0.08334
550,0,0,0,200,0,0,0,0.045,0.31368655,0.158073157,751.9,2.8,0,1000,6.85,22,2,160,0,0,0.13394
551,0,0,0,200,0,0,0,0.045,0.31368655,0.158073157,751.9,2.8,0,1000,6.85,22,6,160,0,0,0.18104
552,0,0,0,200,0,0,0,0.045,0.31368655,0.154939324,751.9,2.8,0,1000,6.85,22,12,160,0,0,0.2
553,0,0,0,200,0,0,0,0.045,0.31368655,0.155162022,751.9,2.8,0,1000,6.85,22,16,160,0,0,0.19236
554,0,0,0,200,0,0,0,0.045,0.31368655,0.154939324,751.9,2.8,0,1000,6.85,22,30,160,0,0,0.2
555,0,0,0,200,0,0,0,0.045,0.298237026,0.165883243,751.9,2.8,0,100,6.7,22,24,160,0,0,0.9
556,0,0,0,200,0,0,0,0.045,0.31368655,0.154939324,751.9,2.8,0,1000,6.7,22,24,160,0,0,0.2
557,0,0,0,200,0,0,0,0.045,0.31368655,0.155462772,751.9,2.8,0,5000,6.7,22,24,160,0,0,0.04
558,0,0,0,200,0,0,0,0.045,0.31368655,0.155462772,751.9,2.8,0,10000,6.7,22,24,160,0,0,0.02
559,0,0,0,200,0,0,0,0.045,0.31368655,0.155462772,751.9,2.8,0,50000,6.7,22,24,160,0,0,0.004
560,1,0,0,200,0,0,0,0.045,0.298237026,0.19993566,751.9,2.8,0,300,4,22,24,160,107,0,0.666666667
561,1,0,0,200,0,0,0,0.045,0.298237026,0.162766919,751.9,2.8,0,300,5,22,24,160,107,0,0.666666667
562,1,0,0,200,0,0,0,0.045,0.298237026,0.162766919,751.9,2.8,0,300,6,22,24,160,107,0,0.666666667
563,1,0,0,200,0,0,0,0.045,0.298237026,0.162331015,751.9,2.8,0,300,7,22,24,160,107,0,0.666666667
564,1,0,0,200,0,0,0,0.045,0.298237026,0.162331015,751.9,2.8,0,300,8,22,24,160,107,0,0.666666667
565,0,0,0,0.88,1,0,0,0.021,0.318617821,0.239858046,1000,2.257937908,0,500,7.9,25,96,160,0,1600,0.00083072
566,0,0,0,0.88,1,0,0,0.021,0.318617821,0.239811227,1000,2.257937908,0,1000,7.9,25,96,160,0,1600,0.00055264
567,0,0,0,0.88,1,0,0,0.021,0.318617821,0.235921428,1000,2.257937908,0,5000,7.9,25,96,160,0,1600,0.000172762
568,0,0,0,0.88,1,0,0,0.021,0.318617821,0.23569873,1000,2.257937908,0,10000,7.9,25,96,160,0,1600,8.80E-05
569,0,0,0,0.88,1,0,0,0.021,0.318617821,0.23569873,1000,2.257937908,0,20000,7.9,25,96,160,0,1600,4.40E-05
570,0,0,0,0.88,1,0,0,0.021,0.318617821,0.23569873,1000,2.257937908,0,30000,7.9,25,96,160,0,1600,2.93E-05
571,0,0,0,0.88,1,0,0,0.021,0.318617821,0.23569873,1000,2.257937908,0,50000,7.9,25,96,160,0,1600,1.76E-05
572,0,0,0,0.88,1,0,0,0.021,0.318617821,0.678375304,1300,2.257937908,0,500,7.9,25,96,160,0,1600,0.001443552
573,0,0,0,0.88,1,0,0,0.021,0.318617821,0.678375304,1300,2.257937908,0,1000,7.9,25,96,160,0,1600,0.00063272
574,0,0,0,0.88,1,0,0,0.021,0.318617821,0.674485445,1300,2.257937908,0,5000,7.9,25,96,160,0,1600,0.000174346
575,0,0,0,0.88,1,0,0,0.021,0.318617821,0.674701214,1300,2.257937908,0,10000,7.9,25,96,160,0,1600,8.80E-05
576,0,0,0,0.88,1,0,0,0.021,0.318617821,0.674701214,1300,2.257937908,0,20000,7.9,25,96,160,0,1600,4.40E-05
577,0,0,0,0.88,1,0,0,0.021,0.318617821,0.674701214,1300,2.257937908,0,30000,7.9,25,96,160,0,1600,2.93E-05
578,0,0,0,0.88,1,0,0,0.021,0.318617821,0.674701214,1300,2.257937908,0,50000,7.9,25,96,160,0,1600,1.76E-05
579,0,0,0,0.88,1,0,0,0.021,0.318617821,0.239811227,1000,2.257937908,0,1000,7.9,25,0.5,160,0,1600,0.00078496
580,0,0,0,0.88,1,0,0,0.021,0.318617821,0.239811227,1000,2.257937908,0,1000,7.9,25,1,160,0,1600,0.000818224
581,0,0,0,0.88,1,0,0,0.021,0.318617821,0.239811227,1000,2.257937908,0,1000,7.9,25,2,160,0,1600,0.000820424
582,0,0,0,0.88,1,0,0,0.021,0.318617821,0.239811227,1000,2.257937908,0,1000,7.9,25,4,160,0,1600,0.000818224
583,0,0,0,0.88,1,0,0,0.021,0.318617821,0.239811227,1000,2.257937908,0,1000,7.9,25,8,160,0,1600,0.000821656
584,0,0,0,0.88,1,0,0,0.021,0.318617821,0.239811227,1000,2.257937908,0,1000,7.9,25,24,160,0,1600,0.000819456
585,0,0,0,0.88,1,0,0,0.021,0.318617821,0.239284545,1000,2.257937908,0,1000,7.9,25,48,160,0,1600,0.000839432
586,0,0,0,0.88,1,0,0,0.021,0.318617821,0.23569873,1000,2.257937908,0,1000,7.9,25,72,160,0,1600,0.00087868
587,0,0,0,0.88,1,0,0,0.021,0.318617821,0.23569873,1000,2.257937908,0,1000,7.9,25,96,160,0,1600,0.000879912
588,0,0,0,0.88,1,0,0,0.02,0.318617821,0.678375304,1300,2.257937908,0,500,7.9,25,0.5,160,0,1600,0.001569216
589,0,0,0,0.88,1,0,0,0.02,0.318617821,0.678375304,1300,2.257937908,0,1000,7.9,25,1,160,0,1600,0.000823856
590,0,0,0,0.88,1,0,0,0.02,0.318617821,0.678375304,1300,2.257937908,0,5000,7.9,25,2,160,0,1600,0.000165229
591,0,0,0,0.88,1,0,0,0.02,0.318617821,0.678375304,1300,2.257937908,0,10000,7.9,25,4,160,0,1600,8.32E-05
592,0,0,0,0.88,1,0,0,0.02,0.318617821,0.677848577,1300,2.257937908,0,20000,7.9,25,8,160,0,1600,4.19E-05
593,0,0,0,0.88,1,0,0,0.02,0.318617821,0.677848577,1300,2.257937908,0,30000,7.9,25,24,160,0,1600,2.79E-05
594,0,0,0,0.88,1,0,0,0.02,0.318617821,0.677848577,1300,2.257937908,0,50000,7.9,25,48,160,0,1600,1.67E-05
595,0,0,0,0.88,1,0,0,0.02,0.318617821,0.674701214,1300,2.257937908,0,30000,7.9,25,72,160,0,1600,2.93E-05
596,0,0,0,0.88,1,0,0,0.02,0.318617821,0.674701214,1300,2.257937908,0,50000,7.9,25,96,160,0,1600,1.76E-05
597,0,0,0,700000,0,0,0,0.171225056,0.31368655,0.649084628,1539,3.5,0,2500,2,25,24,50,0,0,275.369976
598,0,0,0,700000,0,0,0,0.171225056,0.31368655,0.65090704,1539,3.5,0,2500,3,25,24,50,0,0,253.709372
599,0,0,0,700000,0,0,0,0.171225056,0.31368655,0.666890085,1539,3.5,0,2500,4,25,24,50,0,0,238.027524
600,0,0,0,700000,0,0,0,0.171225056,0.31368655,0.666890085,1539,3.5,0,2500,5,25,24,50,0,0,239.138312
601,0,0,0,700000,0,0,0,0.171225056,0.31368655,0.666890085,1539,3.5,0,2500,6,25,24,50,0,0,240.347128
602,0,0,0,700000,0,0,0,0.171225056,0.31368655,0.666454196,1539,3.5,0,2500,7,25,24,50,0,0,237.047384
603,0,0,0,700000,0,0,0,0.171225056,0.31368655,0.666454196,1539,3.5,0,2500,8,25,24,50,0,0,225.77604
604,0,0,0,700000,0,0,0,0.171225056,0.31368655,0.666454196,1539,3.5,0,2500,9,25,24,50,0,0,224.697928
605,0,0,0,700000,0,0,0,0.171225056,0.31368655,0.666454196,1539,3.5,0,2500,6.7,15,24,50,0,0,239.75196
606,0,0,0,700000,0,0,0,0.171225056,0.31368655,0.666454196,1539,3.5,0,2500,6.7,25,24,50,0,0,241.3873
607,0,0,0,700000,0,0,0,0.171225056,0.31368655,0.666454196,1539,3.5,0,2500,6.7,40,24,50,0,0,246.643768
608,0,0,0,700000,0,0,0,0.171225056,0.31368655,0.666454196,1539,3.5,0,2500,6.7,50,24,50,0,0,240.803248
609,0,0,0,1500000,0,0,0,0.171225056,0.31368655,0.666652143,1539,3.5,0,2500,6.7,25,0.25,50,0,0,453.3031325
610,0,0,0,1500000,0,0,0,0.171225056,0.31368655,0.666652143,1539,3.5,0,2500,6.7,25,0.5,50,0,0,468.4580945
611,0,0,0,1500000,0,0,0,0.171225056,0.31368655,0.666652143,1539,3.5,0,2500,6.7,25,1,50,0,0,472.8845028
612,0,0,0,1500000,0,0,0,0.171225056,0.31368655,0.666652143,1539,3.5,0,2500,6.7,25,2,50,0,0,483.2859412
613,0,0,0,1500000,0,0,0,0.171225056,0.31368655,0.666652143,1539,3.5,0,2500,6.7,25,3,50,0,0,480.7890991
614,0,0,0,1500000,0,0,0,0.171225056,0.31368655,0.666652143,1539,3.5,0,2500,6.7,25,6,50,0,0,473.0252866
615,0,0,0,1500000,0,0,0,0.171225056,0.31368655,0.666652143,1539,3.5,0,2500,6.7,25,12,50,0,0,472.5076991
616,0,0,0,1500000,0,0,0,0.171225056,0.31368655,0.666652143,1539,3.5,0,2500,6.7,25,24,50,0,0,477.9651417
617,0,0,0,1500000,0,0,0,0.171225056,0.31368655,0.666652143,1539,3.5,0,2500,6.7,25,36,50,0,0,474.4372653
618,0,0,0,500000,0,0,0,0.171225056,0.31368655,0.666454196,1539,3.5,0,2500,6.7,25,24,50,0,0,169.4995545
619,0,0,0,600000,0,0,0,0.171225056,0.31368655,0.666454196,1539,3.5,0,2500,6.7,25,24,50,0,0,199.6976796
620,0,0,0,700000,0,0,0,0.171225056,0.31368655,0.666454196,1539,3.5,0,2500,6.7,25,24,50,0,0,228.7571122
621,0,0,0,800000,0,0,0,0.171225056,0.31368655,0.666454196,1539,3.5,0,2500,6.7,25,24,50,0,0,253.0257549
622,0,0,0,900000,0,0,0,0.171225056,0.31368655,0.666454196,1539,3.5,0,2500,6.7,25,24,50,0,0,282.9216089
623,0,0,0,1000000,0,0,0,0.171225056,0.31368655,0.666454196,1539,3.5,0,2500,6.7,25,24,50,0,0,305.1323237
624,0,0,0,1150000,0,0,0,0.171225056,0.31368655,0.666652143,1539,3.5,0,2500,6.7,25,24,50,0,0,349.9388384
625,0,0,0,1250000,0,0,0,0.171225056,0.31368655,0.666652143,1539,3.5,0,2500,6.7,25,24,50,0,0,363.55346
